series_release,series_code,series_description,geoAreaCode,X,Y,ISO3CD,geoAreaName,sliceId,Units,Units_description,F2000,F2001,F2002,F2003,F2004,F2005,F2006,F2007,F2008,F2009,F2010,F2011,F2012,F2013,F2014,F2015,last_5_years_mean,latest_year,latest_value,latest_source,latest_nature,FID
2018.Q2.G.01,EG_FEC_RNEW,Renewable energy share in the total final energy consumption (%),438,9.552985019,47.14167005,LIE,Liechtenstein,1,PERCENT,Percentage,0,0,0,0,0,0,0,54.48,54.2,58.99,58.69,61.43,61.92,60.47,62.59,63.13,61.908,2015,63.13,"Source: Energy Balances, UN Statistics Division (2017)",E,1
2018.Q2.G.01,EG_FEC_RNEW,Renewable energy share in the total final energy consumption (%),440,23.90517807,55.33680309,LTU,Lithuania,1,PERCENT,Percentage,17.19,17.59,17.89,18.07,18.07,17.51,17.46,17.06,18.33,20.09,21.46,22.74,23.92,26.34,27.71,28.96,25.934,2015,28.96,"Source: World Energy Balances, IEA (2017)",E,2
2018.Q2.G.01,EG_FEC_RNEW,Renewable energy share in the total final energy consumption (%),442,6.092656563,49.77679538,LUX,Luxembourg,1,PERCENT,Percentage,6.85,3.43,1.31,1.27,1.36,1.89,2.09,3.64,3.97,3.74,3.66,3.73,4.15,5.72,6.88,9.03,5.902,2015,9.03,"Source: World Energy Balances, IEA (2017)",E,3
2018.Q2.G.01,EG_FEC_RNEW,Renewable energy share in the total final energy consumption (%),446,113.5665388,22.1237259,MAC,"China, Macao Special Administrative Region",1,PERCENT,Percentage,0.18,16.97,22.85,23.42,23.5,23.31,23.64,4.2,4.77,3.22,5.81,5.51,9.87,14.42,10.02,7.05,9.374,2015,7.05,"Source: Energy Balances, UN Statistics Division (2017)",E,4
2018.Q2.G.01,EG_FEC_RNEW,Renewable energy share in the total final energy consumption (%),450,46.6982339,-19.38514785,MDG,Madagascar,1,PERCENT,Percentage,78.4,80,83.48,80.6,79.86,80.47,84.34,83.34,82.33,83.18,81.93,78.84,76.4,72.74,72.03,70.17,74.036,2015,70.17,"Source: Energy Balances, UN Statistics Division (2017)",E,5
2018.Q2.G.01,EG_FEC_RNEW,Renewable energy share in the total final energy consumption (%),454,33.4884625,-13.40819859,MWI,Malawi,1,PERCENT,Percentage,82.47,81.22,82.18,81.34,82.29,83.8,83.34,84.09,81.53,83.36,79.47,79.66,80.37,79.87,79.95,83.65,80.7,2015,83.65,"Source: Energy Balances, UN Statistics Division (2017)",E,6
2018.Q2.G.01,EG_FEC_RNEW,Renewable energy share in the total final energy consumption (%),458,116.8346314,5.452415309,MYS,Malaysia,1,PERCENT,Percentage,6.74,6.48,5.72,5.41,5.17,4.92,4.99,4.56,4.73,4.23,3.82,4.11,4.41,4.49,4.77,5.19,4.594,2015,5.19,"Source: World Energy Balances, IEA (2017)",E,7
2018.Q2.G.01,EG_FEC_RNEW,Renewable energy share in the total final energy consumption (%),462,73.09672546,-0.614385021,MDV,Maldives,1,PERCENT,Percentage,2.13,2.05,1.63,1.97,1.53,1.76,1.44,1.38,1.36,1.26,1.16,1.14,1.04,1.04,0.9,1.01,1.026,2015,1.01,"Source: Energy Balances, UN Statistics Division (2017)",E,8
2018.Q2.G.01,EG_FEC_RNEW,Renewable energy share in the total final energy consumption (%),466,-3.522016039,17.35311254,MLI,Mali,1,PERCENT,Percentage,85.39,85.33,85.91,86.44,85.84,85.8,82.67,78.89,76.24,72.71,69.13,66.65,64.93,62.41,64.59,61.53,64.022,2015,61.53,"Source: Energy Balances, UN Statistics Division (2017)",E,9
2018.Q2.G.01,EG_FEC_RNEW,Renewable energy share in the total final energy consumption (%),470,14.44617519,35.89194275,MLT,Malta,1,PERCENT,Percentage,0,0,0.09,0.1,0.12,0.18,0.21,0.27,0.25,0.26,1.39,2.03,2.6,2.58,3.93,5.36,3.3,2015,5.36,"Source: World Energy Balances, IEA (2017)",E,10
2018.Q2.G.01,EG_FEC_RNEW,Renewable energy share in the total final energy consumption (%),474,-60.91544135,14.56086108,MTQ,Martinique,1,PERCENT,Percentage,2.06,2.04,2.07,1.96,2.06,2.12,2.09,2.48,2.52,2.62,2.63,2.55,2.49,2.48,2.43,2.45,2.48,2015,2.45,"Source: Energy Balances, UN Statistics Division (2017)",E,11
2018.Q2.G.01,EG_FEC_RNEW,Renewable energy share in the total final energy consumption (%),478,-10.33187259,20.26089546,MRT,Mauritania,1,PERCENT,Percentage,44.41,44.18,42.13,40.17,38.59,38.77,39.12,35.63,35.8,33.43,34,33.28,31.84,34.2,32.02,32.16,32.7,2015,32.16,"Source: Energy Balances, UN Statistics Division (2017)",E,12
2018.Q2.G.01,EG_FEC_RNEW,Renewable energy share in the total final energy consumption (%),480,57.568022,-20.28581998,MUS,Mauritius,1,PERCENT,Percentage,20.42,20.08,17.93,18.9,19.08,17.74,16.49,15.77,12.82,12.87,13.66,12.14,11.61,11.44,10.63,11.54,11.472,2015,11.54,"Source: World Energy Balances, IEA (2017)",E,13
2018.Q2.G.01,EG_FEC_RNEW,Renewable energy share in the total final energy consumption (%),484,-102.5148166,23.93378032,MEX,Mexico,1,PERCENT,Percentage,12.17,11.34,10.68,10.17,10.21,10.31,9.82,9.46,9.77,9.17,9.36,9.07,8.96,9.23,9.76,9.22,9.248,2015,9.22,"Source: World Energy Balances, IEA (2017)",E,14
2018.Q2.G.01,EG_FEC_RNEW,Renewable energy share in the total final energy consumption (%),4,66.02688198,33.83160199,AFG,Afghanistan,1,PERCENT,Percentage,54.24,54.06,43.77,42.28,49.84,40.86,37.14,33.86,21.34,17.81,14.84,11.48,13.97,16.33,19.31,18.42,15.902,2015,18.42,"Source: Energy Balances, UN Statistics Division (2017)",E,15
2018.Q2.G.01,EG_FEC_RNEW,Renewable energy share in the total final energy consumption (%),492,7.424214814,43.73532918,MCO,Monaco,1,PERCENT,Percentage,,,,,,,,,,,,,,,,,,,,,,16
2018.Q2.G.01,EG_FEC_RNEW,Renewable energy share in the total final energy consumption (%),496,103.0728057,46.83892054,MNG,Mongolia,1,PERCENT,Percentage,5.71,6.07,6.5,6.08,5.74,5.32,4.46,4.68,4.63,4.36,4.35,3.9,2.85,2.92,3.27,3.43,3.274,2015,3.43,"Source: World Energy Balances, IEA (2017)",E,17
2018.Q2.G.01,EG_FEC_RNEW,Renewable energy share in the total final energy consumption (%),498,28.4650624,47.20236795,MDA,Republic of Moldova,1,PERCENT,Percentage,5.72,5.6,5.83,5.92,4.85,4.31,4.98,4.47,4.94,4.86,8.44,9.89,10.47,13.08,13.05,14.27,12.152,2015,14.27,"Source: World Energy Balances, IEA (2017)",E,18
2018.Q2.G.01,EG_FEC_RNEW,Renewable energy share in the total final energy consumption (%),499,19.25214024,42.78717043,MNE,Montenegro,1,PERCENT,Percentage,0,0,0,0,0,47.61,44.83,42.27,38.76,49.16,49.09,42.83,45.91,49.38,45.99,43,45.422,2015,43,"Source: World Energy Balances, IEA (2017)",E,19
2018.Q2.G.01,EG_FEC_RNEW,Renewable energy share in the total final energy consumption (%),500,-62.19261223,16.73558313,MSR,Montserrat,1,PERCENT,Percentage,0,0,0,0,0,0,0,0,0,0,0,0,0,0,0,0,0,2015,0,"Source: Energy Balances, UN Statistics Division (2017)",E,20
2018.Q2.G.01,EG_FEC_RNEW,Renewable energy share in the total final energy consumption (%),504,-6.281942841,31.8440131,MAR,Morocco,1,PERCENT,Percentage,15.26,15.12,14.94,15.7,23.51,20.66,18.65,16.97,15.12,14.76,14.41,12.35,11.4,12.05,11.72,11.32,11.768,2015,11.32,"Source: World Energy Balances, IEA (2017)",E,21
2018.Q2.G.01,EG_FEC_RNEW,Renewable energy share in the total final energy consumption (%),508,38.18479941,-14.27963886,MOZ,Mozambique,1,PERCENT,Percentage,93.61,93.95,93.73,92.75,92.92,93.62,93.29,92.14,92.43,91.67,91.3,90.46,90.82,90.32,88.86,86.4,89.372,2015,86.4,"Source: World Energy Balances, IEA (2017)",E,22
2018.Q2.G.01,EG_FEC_RNEW,Renewable energy share in the total final energy consumption (%),512,57.87743482,21.98805614,OMN,Oman,1,PERCENT,Percentage,0,0,0,0,0,0,0,0,0,0,0,0,0,0,0,0,0,2015,0,"Source: World Energy Balances, IEA (2017)",E,23
2018.Q2.G.01,EG_FEC_RNEW,Renewable energy share in the total final energy consumption (%),516,17.21907885,-22.13817068,NAM,Namibia,1,PERCENT,Percentage,33.51,29.3,33.01,32.56,32.11,32.06,32.86,32.77,27.03,27.08,26.37,27.94,28.56,28.27,27.62,26.47,27.772,2015,26.47,"Source: World Energy Balances, IEA (2017)",E,24
2018.Q2.G.01,EG_FEC_RNEW,Renewable energy share in the total final energy consumption (%),520,166.92313,-0.528742623,NRU,Nauru,1,PERCENT,Percentage,0,0,0,0,0,0,0.07,0.08,0.08,0.08,0.08,0.09,0.09,0.08,0.08,0.08,0.084,2015,0.08,"Source: Energy Balances, UN Statistics Division (2017)",E,25
2018.Q2.G.01,EG_FEC_RNEW,Renewable energy share in the total final energy consumption (%),524,83.94678863,28.25866332,NPL,Nepal,1,PERCENT,Percentage,88.28,87.76,89.94,89.44,90.3,89.52,91.25,91.31,90.47,88.93,87.29,86.95,84.7,86.25,84.37,85.26,85.506,2015,85.26,"Source: World Energy Balances, IEA (2017)",E,26
2018.Q2.G.01,EG_FEC_RNEW,Renewable energy share in the total final energy consumption (%),528,5.331480568,51.86728884,NLD,Netherlands,1,PERCENT,Percentage,1.75,1.78,1.93,1.92,2.24,2.77,3.15,3.72,3.97,4.41,3.87,4.7,4.96,5.02,5.66,5.89,5.246,2015,5.89,"Source: World Energy Balances, IEA (2017)",E,27
2018.Q2.G.01,EG_FEC_RNEW,Renewable energy share in the total final energy consumption (%),530,-68.30676179,12.22720635,ANT,Netherlands Antilles,1,PERCENT,Percentage,,,,,,,,,,,,,,,,,,,,,,28
2018.Q2.G.01,EG_FEC_RNEW,Renewable energy share in the total final energy consumption (%),531,-68.95033464,12.15058042,CUW,Curaçao,1,PERCENT,Percentage,0.07,0.28,0.27,0.27,0.27,0.26,0.25,0.25,0.24,0.25,0.24,0.24,0.36,0.36,0.35,0.35,0.332,2015,0.35,"Source: World Energy Balances, IEA (2017)",E,29
2018.Q2.G.01,EG_FEC_RNEW,Renewable energy share in the total final energy consumption (%),533,-69.97050586,12.50878756,ABW,Aruba,1,PERCENT,Percentage,0.18,0.18,0.18,0.18,0.19,0.19,0.19,0.19,0.19,0.3,5.46,5.66,6.86,6.89,6.93,6.73,6.614,2015,6.73,"Source: Energy Balances, UN Statistics Division (2017)",E,30
2018.Q2.G.01,EG_FEC_RNEW,Renewable energy share in the total final energy consumption (%),534,-63.06198692,18.03926508,SXM,Sint Maarten (Dutch part),1,PERCENT,Percentage,,,,,,,,,,,,,,,,,,,,,,31
2018.Q2.G.01,EG_FEC_RNEW,Renewable energy share in the total final energy consumption (%),540,165.5067368,-21.41742531,NCL,New Caledonia,1,PERCENT,Percentage,7.18,6.32,4.92,4.59,4.85,4.75,4.19,5.5,7.44,6.71,4.48,5.57,6.2,6.23,3.98,4.76,5.348,2015,4.76,"Source: Energy Balances, UN Statistics Division (2017)",E,32
2018.Q2.G.01,EG_FEC_RNEW,Renewable energy share in the total final energy consumption (%),548,167.0679779,-15.34445547,VUT,Vanuatu,1,PERCENT,Percentage,48.65,47.42,51.92,50.45,64.06,64.26,69.57,42.25,47.6,38.78,38.38,36.64,40.31,42.57,32.14,36.11,37.554,2015,36.11,"Source: Energy Balances, UN Statistics Division (2017)",E,33
2018.Q2.G.01,EG_FEC_RNEW,Renewable energy share in the total final energy consumption (%),554,170.4755673,-43.98721568,NZL,New Zealand,1,PERCENT,Percentage,28.96,26.88,28.77,28.11,30.56,29.27,29.38,29.12,28.16,30.23,31.32,32.13,30.47,30.01,30.32,30.79,30.744,2015,30.79,"Source: World Energy Balances, IEA (2017)",E,34
2018.Q2.G.01,EG_FEC_RNEW,Renewable energy share in the total final energy consumption (%),558,-85.03060315,12.84210839,NIC,Nicaragua,1,PERCENT,Percentage,58.37,56.57,56.59,54.12,53.78,53.9,51.77,51.36,52.56,52.8,52.64,51.68,52.08,52.56,51.84,48.2,51.272,2015,48.2,"Source: World Energy Balances, IEA (2017)",E,35
2018.Q2.G.01,EG_FEC_RNEW,Renewable energy share in the total final energy consumption (%),562,9.400167877,17.42143036,NER,Niger,1,PERCENT,Percentage,87.69,87.69,87.8,87.03,87.05,87.6,87.48,86.22,86.11,83.3,80.71,77.27,72.75,78.73,78.14,78.94,77.166,2015,78.94,"Source: World Energy Balances, IEA (2017)",E,36
2018.Q2.G.01,EG_FEC_RNEW,Renewable energy share in the total final energy consumption (%),566,8.097363256,9.585789025,NGA,Nigeria,1,PERCENT,Percentage,86.19,84.6,84.51,82.96,83.97,84.07,86.14,87.38,86.35,88.83,86.78,86.15,86.45,86.78,87.3,86.64,86.664,2015,86.64,"Source: World Energy Balances, IEA (2017)",E,37
2018.Q2.G.01,EG_FEC_RNEW,Renewable energy share in the total final energy consumption (%),570,-169.8601693,-19.05000475,NIU,Niue,1,PERCENT,Percentage,0.6,0.58,0.63,0.71,0.79,0.83,24.01,27.81,18.21,25.25,26.7,24.99,24.2,23.6,23.14,22.37,23.66,2015,22.37,"Source: Energy Balances, UN Statistics Division (2017)",E,38
2018.Q2.G.01,EG_FEC_RNEW,Renewable energy share in the total final energy consumption (%),574,167.9515548,-29.03230018,NFK,Norfolk Island,1,PERCENT,Percentage,,,,,,,,,,,,,,,,,,,,,,39
2018.Q2.G.01,EG_FEC_RNEW,Renewable energy share in the total final energy consumption (%),578,11.47846389,61.34311134,NOR,Norway,1,PERCENT,Percentage,60.19,59.61,59.49,56.26,56.87,58.59,57.06,57.39,58.49,56.77,56.42,56.53,58.28,57.73,57.2,57.77,57.502,2015,57.77,"Source: World Energy Balances, IEA (2017)",E,40
2018.Q2.G.01,EG_FEC_RNEW,Renewable energy share in the total final energy consumption (%),580,145.7582114,15.19099517,MNP,Northern Mariana Islands,1,PERCENT,Percentage,0,0,0,0,0,0,0,0,0,0,0,0,0,0,0,0,0,2015,0,"Source: Energy Balances, UN Statistics Division (2017)",E,41
2018.Q2.G.01,EG_FEC_RNEW,Renewable energy share in the total final energy consumption (%),581,-162.4343752,5.874443968,UMI,US Minor Outlying Islands,1,PERCENT,Percentage,,,,,,,,,,,,,,,,,,,,,,42
2018.Q2.G.01,EG_FEC_RNEW,Renewable energy share in the total final energy consumption (%),583,158.225216,6.880670092,FSM,"Micronesia, Federated States of",1,PERCENT,Percentage,1.19,0.8,1.02,1.02,1.04,1.1,1.25,1.21,1.35,1.15,1.5,1.43,1.32,1.25,1.16,1.2,1.272,2015,1.2,"Source: Energy Balances, UN Statistics Division (2017)",E,43
2018.Q2.G.01,EG_FEC_RNEW,Renewable energy share in the total final energy consumption (%),584,171.0839119,7.110213497,MHL,Marshall Islands,1,PERCENT,Percentage,19.57,19.08,18.63,18.56,18.4,18.38,16.96,15.21,14.78,13.96,13.31,12.06,12.01,12.07,12.02,11.16,11.864,2015,11.16,"Source: Energy Balances, UN Statistics Division (2017)",E,44
2018.Q2.G.01,EG_FEC_RNEW,Renewable energy share in the total final energy consumption (%),585,134.5733878,7.502307591,PLW,Palau,1,PERCENT,Percentage,0,0,0,0,0,0,0,0,0,0,0,0,0,0,0,0,0,2015,0,"Source: Energy Balances, UN Statistics Division (2017)",E,45
2018.Q2.G.01,EG_FEC_RNEW,Renewable energy share in the total final energy consumption (%),586,68.80479684,29.36491634,PAK,Pakistan,1,PERCENT,Percentage,50.96,51.32,51.09,49.71,47.51,47.52,46.51,44.28,45.99,45.77,46.72,46.07,46.52,47.46,46.6,46.48,46.626,2015,46.48,"Source: World Energy Balances, IEA (2017)",E,46
2018.Q2.G.01,EG_FEC_RNEW,Renewable energy share in the total final energy consumption (%),591,-81.26616623,8.450965746,PAN,Panama,1,PERCENT,Percentage,34.4,31.09,34.7,33.84,33.38,27.04,26.94,26.49,30.55,26.22,19.94,19.14,20.62,20.31,19.77,21.23,20.214,2015,21.23,"Source: World Energy Balances, IEA (2017)",E,47
2018.Q2.G.01,EG_FEC_RNEW,Renewable energy share in the total final energy consumption (%),598,145.8587761,-6.756057077,PNG,Papua New Guinea,1,PERCENT,Percentage,66.38,63.44,62.48,60.4,57.48,58.56,58.85,57.13,56.92,56.02,55.25,54.73,55.47,54,52.55,52.5,53.85,2015,52.5,"Source: Energy Balances, UN Statistics Division (2017)",E,48
2018.Q2.G.01,EG_FEC_RNEW,Renewable energy share in the total final energy consumption (%),600,-60.54854225,-21.70216237,PRY,Paraguay,1,PERCENT,Percentage,70.41,69.84,67.68,67.05,66.73,68.82,67.26,66.79,66.63,66.39,64.25,63.11,62.68,63.1,63.12,61.68,62.738,2015,61.68,"Source: World Energy Balances, IEA (2017)",E,49
2018.Q2.G.01,EG_FEC_RNEW,Renewable energy share in the total final energy consumption (%),604,-71.82093277,-13.58939705,PER,Peru,1,PERCENT,Percentage,32.16,34.84,34.17,34.82,32.61,32.73,33.88,32.37,25.72,28.06,30.8,29.55,28.25,25.98,26,25.5,27.056,2015,25.5,"Source: World Energy Balances, IEA (2017)",E,50
2018.Q2.G.01,EG_FEC_RNEW,Renewable energy share in the total final energy consumption (%),608,120.8601418,14.16591706,PHL,Philippines,1,PERCENT,Percentage,34.85,33.53,32.83,32.05,31.31,31.43,32.6,31.2,31.73,31.22,28.81,29.4,30.22,29.31,28.58,27.45,28.992,2015,27.45,"Source: World Energy Balances, IEA (2017)",E,51
2018.Q2.G.01,EG_FEC_RNEW,Renewable energy share in the total final energy consumption (%),612,-128.3225873,-24.37538456,PCN,Pitcairn,1,PERCENT,Percentage,,,,,,,,,,,,,,,,,,,,,,52
2018.Q2.G.01,EG_FEC_RNEW,Renewable energy share in the total final energy consumption (%),616,19.40660158,52.1226733,POL,Poland,1,PERCENT,Percentage,6.93,7.29,7.49,7.29,7.31,7.21,7.18,7.28,8.01,8.84,9.49,10.44,10.92,11.41,11.57,11.91,11.25,2015,11.91,"Source: World Energy Balances, IEA (2017)",E,53
2018.Q2.G.01,EG_FEC_RNEW,Renewable energy share in the total final energy consumption (%),620,-7.961599811,39.68509315,PRT,Portugal,1,PERCENT,Percentage,20.11,20.83,18.28,22.09,19.87,18.07,22.33,23.15,23.19,24.89,27.83,27.22,25.52,30.17,30.46,27.16,28.106,2015,27.16,"Source: World Energy Balances, IEA (2017)",E,54
2018.Q2.G.01,EG_FEC_RNEW,Renewable energy share in the total final energy consumption (%),624,-14.40182514,12.11760394,GNB,Guinea-Bissau,1,PERCENT,Percentage,91.24,91.21,91.04,89.05,88.55,88.53,88.29,87.9,88.42,87.89,87.81,87.72,87.61,87.42,87.06,86.85,87.332,2015,86.85,"Source: Energy Balances, UN Statistics Division (2017)",E,55
2018.Q2.G.01,EG_FEC_RNEW,Renewable energy share in the total final energy consumption (%),626,125.9451052,-8.797497247,TLS,Timor-Leste,1,PERCENT,Percentage,0,0,48.25,47.85,44.04,43.61,41.9,41.88,39.59,36.78,34.69,32.71,25.51,21.54,18.42,18.22,23.28,2015,18.22,"Source: Energy Balances, UN Statistics Division (2017)",E,56
2018.Q2.G.01,EG_FEC_RNEW,Renewable energy share in the total final energy consumption (%),630,-66.47591017,18.22753799,PRI,Puerto Rico,1,PERCENT,Percentage,0.73,0.94,0.95,1.09,0.57,0.55,0.57,0.67,0.67,0.73,0.57,0.67,0.7,1.39,1.63,1.84,1.246,2015,1.84,"Source: Energy Balances, UN Statistics Division (2017)",E,57
2018.Q2.G.01,EG_FEC_RNEW,Renewable energy share in the total final energy consumption (%),634,51.19152467,25.28355379,QAT,Qatar,1,PERCENT,Percentage,0,0,0,0,0,0,0,0,0,0,0,0,0,0,0,0,0,2015,0,"Source: World Energy Balances, IEA (2017)",E,58
2018.Q2.G.01,EG_FEC_RNEW,Renewable energy share in the total final energy consumption (%),638,55.53171398,-21.13183266,REU,Réunion,1,PERCENT,Percentage,8.74,7.93,9.07,9.81,8.96,8.57,9.17,16.42,16.49,15.36,16.45,14.75,16.9,18.01,16.79,17.49,16.788,2015,17.49,"Source: Energy Balances, UN Statistics Division (2017)",E,59
2018.Q2.G.01,EG_FEC_RNEW,Renewable energy share in the total final energy consumption (%),642,24.98481009,45.83893563,ROU,Romania,1,PERCENT,Percentage,16.37,13.39,14.41,15.67,17.28,18.51,17.41,18.18,20.39,22.18,24.1,21.11,21.55,23.09,24.33,23.7,22.756,2015,23.7,"Source: World Energy Balances, IEA (2017)",E,60
2018.Q2.G.01,EG_FEC_RNEW,Renewable energy share in the total final energy consumption (%),643,99.01404926,61.61899849,RUS,Russian Federation,1,PERCENT,Percentage,3.5,3.62,3.46,3.28,3.55,3.62,3.48,3.67,3.31,3.6,3.34,3.23,3.35,3.74,3.42,3.3,3.408,2015,3.3,"Source: World Energy Balances, IEA (2017)",E,61
2018.Q2.G.01,EG_FEC_RNEW,Renewable energy share in the total final energy consumption (%),646,29.92310194,-1.999842114,RWA,Rwanda,1,PERCENT,Percentage,86.68,86.88,87.11,87.29,87.54,89.24,90.59,90.31,90.63,90.54,90.66,89.64,88.79,88.47,88.18,86.66,88.348,2015,86.66,"Source: Energy Balances, UN Statistics Division (2017)",E,62
2018.Q2.G.01,EG_FEC_RNEW,Renewable energy share in the total final energy consumption (%),652,-62.83173536,17.89513362,BLM,Saint Barthélemy,1,PERCENT,Percentage,,,,,,,,,,,,,,,,,,,,,,63
2018.Q2.G.01,EG_FEC_RNEW,Renewable energy share in the total final energy consumption (%),654,-5.705752501,-15.96503946,SHN,Saint Helena,1,PERCENT,Percentage,7.08,6.69,8.13,7.34,14.78,8.14,8.96,3.94,9.03,10.21,9.17,9.55,7.7,9.38,8.74,12.6,9.594,2015,12.6,"Source: Energy Balances, UN Statistics Division (2017)",E,64
2018.Q2.G.01,EG_FEC_RNEW,Renewable energy share in the total final energy consumption (%),659,-62.76628613,17.33994219,KNA,Saint Kitts and Nevis,1,PERCENT,Percentage,26.64,26.28,24.59,26.62,22.22,25.58,0.01,0.01,0.01,0.01,0.99,0.93,1.33,1.51,1.7,1.64,1.422,2015,1.64,"Source: Energy Balances, UN Statistics Division (2017)",E,65
2018.Q2.G.01,EG_FEC_RNEW,Renewable energy share in the total final energy consumption (%),660,-63.05651612,18.21525315,AIA,Anguilla,1,PERCENT,Percentage,0.19,0.18,0.19,0.17,0.14,0.14,0.12,0.12,0.12,0.12,0.12,0.13,0.13,0.14,0.13,0.11,0.128,2015,0.11,"Source: Energy Balances, UN Statistics Division (2017)",E,66
2018.Q2.G.01,EG_FEC_RNEW,Renewable energy share in the total final energy consumption (%),662,-60.96529553,13.89405601,LCA,Saint Lucia,1,PERCENT,Percentage,2.62,2.31,2.77,2.44,2.54,2.5,2.48,2.42,2.39,2.26,2.2,2.18,2.18,2.17,2.15,2.13,2.162,2015,2.13,"Source: Energy Balances, UN Statistics Division (2017)",E,67
2018.Q2.G.01,EG_FEC_RNEW,Renewable energy share in the total final energy consumption (%),663,-63.04505461,18.0882685,MAF,Saint Martin (French Part),1,PERCENT,Percentage,,,,,,,,,,,,,,,,,,,,,,68
2018.Q2.G.01,EG_FEC_RNEW,Renewable energy share in the total final energy consumption (%),666,-56.33682442,46.85812735,SPM,Saint Pierre and Miquelon,1,PERCENT,Percentage,0.56,0.56,0.51,0.44,0.47,1.35,1.35,1.26,1.32,1.31,1.34,1.37,1.25,1.23,1.14,1.12,1.222,2015,1.12,"Source: Energy Balances, UN Statistics Division (2017)",E,69
2018.Q2.G.01,EG_FEC_RNEW,Renewable energy share in the total final energy consumption (%),670,-61.19024321,13.24627968,VCT,Saint Vincent and the Grenadines,1,PERCENT,Percentage,8.49,6.19,6.07,5.63,5.86,5.81,5.59,5.45,5.51,4.37,5.49,6.55,5.19,6.01,5.8,5.81,5.872,2015,5.81,"Source: Energy Balances, UN Statistics Division (2017)",E,70
2018.Q2.G.01,EG_FEC_RNEW,Renewable energy share in the total final energy consumption (%),674,12.46329038,43.93841766,SMR,San Marino,1,PERCENT,Percentage,,,,,,,,,,,,,,,,,,,,,,71
2018.Q2.G.01,EG_FEC_RNEW,Renewable energy share in the total final energy consumption (%),678,6.609772265,0.241554875,STP,Sao Tome and Principe,1,PERCENT,Percentage,54.73,55.47,55.34,51.81,48.92,47.94,47.33,47.69,46.04,45.41,43.76,43.12,41.25,41.4,41.81,41.06,41.728,2015,41.06,"Source: Energy Balances, UN Statistics Division (2017)",E,72
2018.Q2.G.01,EG_FEC_RNEW,Renewable energy share in the total final energy consumption (%),682,44.54763347,24.12594211,SAU,Saudi Arabia,1,PERCENT,Percentage,0.01,0.01,0.01,0.01,0.01,0.01,0.01,0.01,0.01,0.01,0.01,0.01,0.01,0.01,0.01,0.01,0.01,2015,0.01,"Source: World Energy Balances, IEA (2017)",E,73
2018.Q2.G.01,EG_FEC_RNEW,Renewable energy share in the total final energy consumption (%),686,-14.46636926,14.35920905,SEN,Senegal,1,PERCENT,Percentage,47.52,45.83,44.48,44.72,40.8,41.23,44.2,40.63,40.47,51.96,50.26,48.66,50.37,43.59,43.36,42.71,45.738,2015,42.71,"Source: World Energy Balances, IEA (2017)",E,74
2018.Q2.G.01,EG_FEC_RNEW,Renewable energy share in the total final energy consumption (%),688,20.805876,44.03145697,SRB,Serbia,1,PERCENT,Percentage,23.59,21.16,19.08,16.26,14.87,16.37,15.69,14.29,15.57,20.82,20.6,17.55,19.61,20.23,23.43,21.17,20.398,2015,21.17,"Source: World Energy Balances, IEA (2017)",E,75
2018.Q2.G.01,EG_FEC_RNEW,Renewable energy share in the total final energy consumption (%),690,55.46561591,-4.678053059,SYC,Seychelles,1,PERCENT,Percentage,0.57,0.51,0.56,0.53,0.4,0.38,0.35,0.43,0.38,0.51,0.63,0.96,0.63,1.29,1.3,1.35,1.106,2015,1.35,"Source: Energy Balances, UN Statistics Division (2017)",E,76
2018.Q2.G.01,EG_FEC_RNEW,Renewable energy share in the total final energy consumption (%),694,-11.78306584,8.568604164,SLE,Sierra Leone,1,PERCENT,Percentage,89.28,87.17,87.13,85.69,85.74,87.25,83.39,85.56,85.27,85.39,84.18,80.35,78.43,75.22,73.05,77.66,76.942,2015,77.66,"Source: Energy Balances, UN Statistics Division (2017)",E,77
2018.Q2.G.01,EG_FEC_RNEW,Renewable energy share in the total final energy consumption (%),702,103.8107883,1.361009155,SGP,Singapore,1,PERCENT,Percentage,0.33,0.6,0.58,0.58,0.53,0.54,0.52,0.5,0.53,0.48,0.48,0.47,0.5,0.56,0.62,0.71,0.572,2015,0.71,"Source: World Energy Balances, IEA (2017)",E,78
2018.Q2.G.01,EG_FEC_RNEW,Renewable energy share in the total final energy consumption (%),703,19.48495604,48.70741446,SVK,Slovakia,1,PERCENT,Percentage,3.73,6,5.48,5.35,6.25,6.31,6.57,8.23,7.63,10,10.28,10.36,10.47,10.68,12.24,13.41,11.432,2015,13.41,"Source: World Energy Balances, IEA (2017)",E,79
2018.Q2.G.01,EG_FEC_RNEW,Renewable energy share in the total final energy consumption (%),704,105.802499,10.09643079,VNM,Viet Nam,1,PERCENT,Percentage,57.96,56.36,52.41,51.02,45.99,44.36,44.46,42.1,39.46,37.17,34.8,36.53,38.11,37.39,37.04,35,36.814,2015,35,"Source: World Energy Balances, IEA (2017)",E,80
2018.Q2.G.01,EG_FEC_RNEW,Renewable energy share in the total final energy consumption (%),705,14.82209486,46.11958061,SVN,Slovenia,1,PERCENT,Percentage,15.86,14.99,14.1,14.18,15.41,14.57,14.41,14.09,13.85,19.03,19.5,18.59,19.7,22.01,22.3,20.88,20.696,2015,20.88,"Source: World Energy Balances, IEA (2017)",E,81
2018.Q2.G.01,EG_FEC_RNEW,Renewable energy share in the total final energy consumption (%),706,46.20367477,4.406485729,SOM,Somalia,1,PERCENT,Percentage,93.28,93.26,92.58,92.8,93,93.3,93.47,93.02,93.37,93.63,93.57,93.65,93.89,94.23,94.43,94.29,94.098,2015,94.29,"Source: Energy Balances, UN Statistics Division (2017)",E,82
2018.Q2.G.01,EG_FEC_RNEW,Renewable energy share in the total final energy consumption (%),710,24.67184355,-29.99957544,ZAF,South Africa,1,PERCENT,Percentage,18.51,19.12,18.32,17.51,16.76,16.25,16.37,15.81,15.99,15.57,17.08,16.98,16.63,16.1,16.59,17.15,16.69,2015,17.15,"Source: World Energy Balances, IEA (2017)",E,83
2018.Q2.G.01,EG_FEC_RNEW,Renewable energy share in the total final energy consumption (%),716,29.86909584,-19.00075492,ZWE,Zimbabwe,1,PERCENT,Percentage,69.26,71.53,74.29,77.83,81.58,80.15,78.65,78.08,82.03,83.15,82.88,79.57,78.02,79.56,81.05,81.8,80,2015,81.8,"Source: World Energy Balances, IEA (2017)",E,84
2018.Q2.G.01,EG_FEC_RNEW,Renewable energy share in the total final energy consumption (%),724,-3.554078296,40.39211472,ESP,Spain,1,PERCENT,Percentage,7.88,8.93,7.42,8.9,8.03,7.29,8.47,9.01,9.74,12.22,14.4,14.75,15.77,16.95,17.35,16.25,16.214,2015,16.25,"Source: World Energy Balances, IEA (2017)",E,85
2018.Q2.G.01,EG_FEC_RNEW,Renewable energy share in the total final energy consumption (%),728,30.32618773,7.290839152,SSD,South Sudan,1,PERCENT,Percentage,0,0,0,0,0,0,0,0,0,0,0,0,30.2,29.7,29.83,39.07,25.76,2015,39.07,"Source: World Energy Balances, IEA (2017)",E,86
2018.Q2.G.01,EG_FEC_RNEW,Renewable energy share in the total final energy consumption (%),732,-13.13515523,24.66265342,ESH,Western Sahara,1,PERCENT,Percentage,,,,,,,,,,,,,,,,,,,,,,87
2018.Q2.G.01,EG_FEC_RNEW,Renewable energy share in the total final energy consumption (%),736,29.95650159,16.02643066,SDN,Sudan,1,PERCENT,Percentage,,,,,,,,,,,,,,,,,,,,,,88
2018.Q2.G.01,EG_FEC_RNEW,Renewable energy share in the total final energy consumption (%),740,-55.90626394,4.132603197,SUR,Suriname,1,PERCENT,Percentage,26.47,26.95,31.25,28.28,26,22.12,24.84,27.22,28.46,28.65,24.54,25.45,23.05,25.97,25.38,24.91,24.952,2015,24.91,"Source: World Energy Balances, IEA (2017)",E,89
2018.Q2.G.01,EG_FEC_RNEW,Renewable energy share in the total final energy consumption (%),744,13.38071013,78.82894131,SJM,Svalbard and Jan Mayen Islands,1,PERCENT,Percentage,,,,,,,,,,,,,,,,,,,,,,90
2018.Q2.G.01,EG_FEC_RNEW,Renewable energy share in the total final energy consumption (%),748,31.50149288,-26.56471011,SWZ,Swaziland,1,PERCENT,Percentage,48.19,47.82,49.8,49.77,48.83,49.65,62.29,64.73,63.94,64.69,62.68,61.25,62.47,66.71,67.69,66.1,64.844,2015,66.1,"Source: Energy Balances, UN Statistics Division (2017)",E,91
2018.Q2.G.01,EG_FEC_RNEW,Renewable energy share in the total final energy consumption (%),752,14.3775338,60.60103109,SWE,Sweden,1,PERCENT,Percentage,40.01,37.66,36.15,34.91,35.82,39.99,41.13,42.92,44.87,47.08,45.98,46.49,49.95,48.83,49.69,53.25,49.642,2015,53.25,"Source: World Energy Balances, IEA (2017)",E,92
2018.Q2.G.01,EG_FEC_RNEW,Renewable energy share in the total final energy consumption (%),756,8.223158,46.96617097,CHE,Switzerland,1,PERCENT,Percentage,18.63,19.2,18.69,18.56,18.64,19.31,18.66,19.93,20.24,20.75,21.46,21.56,22.96,22.99,23.42,25.29,23.244,2015,25.29,"Source: World Energy Balances, IEA (2017)",E,93
2018.Q2.G.01,EG_FEC_RNEW,Renewable energy share in the total final energy consumption (%),760,38.50466565,35.01676176,SYR,Syrian Arab Republic (Syria),1,PERCENT,Percentage,2,2.07,1.61,1.91,2.6,2.11,1.83,1.57,1.27,0.93,1.41,1.9,2.52,2.86,2.35,0.52,2.03,2015,0.52,"Source: World Energy Balances, IEA (2017)",E,94
2018.Q2.G.01,EG_FEC_RNEW,Renewable energy share in the total final energy consumption (%),762,69.294998,38.43069666,TJK,Tajikistan,1,PERCENT,Percentage,62.41,64.07,64.16,64.61,61.43,63.74,61.58,53.8,54.62,60.58,61.83,59.98,55.08,57.92,45.76,44.66,52.68,2015,44.66,"Source: World Energy Balances, IEA (2017)",E,95
2018.Q2.G.01,EG_FEC_RNEW,Renewable energy share in the total final energy consumption (%),764,101.0202951,15.13089239,THA,Thailand,1,PERCENT,Percentage,21.99,20.04,20.07,20.34,20.02,20.25,20.69,21.61,22.49,22.66,22.65,22.76,23.29,22.94,24.1,22.86,23.19,2015,22.86,"Source: World Energy Balances, IEA (2017)",E,96
2018.Q2.G.01,EG_FEC_RNEW,Renewable energy share in the total final energy consumption (%),768,0.97835765,8.532096072,TGO,Togo,1,PERCENT,Percentage,77.11,82.06,78.67,74.79,76.14,77.22,79.66,79.94,76.52,63.4,65.83,69.16,72.74,72.4,72.16,71.26,71.544,2015,71.26,"Source: World Energy Balances, IEA (2017)",E,97
2018.Q2.G.01,EG_FEC_RNEW,Renewable energy share in the total final energy consumption (%),772,-171.8154473,-9.214545558,TKL,Tokelau,1,PERCENT,Percentage,,,,,,,,,,,,,,,,,,,,,,98
2018.Q2.G.01,EG_FEC_RNEW,Renewable energy share in the total final energy consumption (%),776,-175.1959991,-21.19511329,TON,Tonga,1,PERCENT,Percentage,2.48,2.7,2.48,2.01,2.15,2.17,1.87,2.17,1.99,1.82,1.01,1.14,1.15,1.58,1.7,1.88,1.49,2015,1.88,"Source: Energy Balances, UN Statistics Division (2017)",E,99
2018.Q2.G.01,EG_FEC_RNEW,Renewable energy share in the total final energy consumption (%),780,-61.29389504,10.41877263,TTO,Trinidad and Tobago,1,PERCENT,Percentage,0.76,0.68,0.64,0.6,0.63,0.53,0.62,0.37,0.36,0.4,0.33,0.36,0.32,0.31,0.28,0.28,0.31,2015,0.28,"Source: World Energy Balances, IEA (2017)",E,100
2018.Q2.G.01,EG_FEC_RNEW,Renewable energy share in the total final energy consumption (%),784,53.98279159,23.43322219,ARE,United Arab Emirates,1,PERCENT,Percentage,0.08,0.06,0.07,0.07,0.1,0.11,0.12,0.11,0.11,0.11,0.11,0.11,0.1,0.11,0.15,0.14,0.122,2015,0.14,"Source: World Energy Balances, IEA (2017)",E,101
2018.Q2.G.01,EG_FEC_RNEW,Renewable energy share in the total final energy consumption (%),788,9.572737411,34.11439971,TUN,Tunisia,1,PERCENT,Percentage,14.23,14.22,14.55,14.13,13.92,14.18,14.32,14.32,14.61,16.07,12.69,13.33,13.08,13.25,12.93,12.56,13.03,2015,12.56,"Source: World Energy Balances, IEA (2017)",E,102
2018.Q2.G.01,EG_FEC_RNEW,Renewable energy share in the total final energy consumption (%),792,35.42890329,38.9899684,TUR,Turkey,1,PERCENT,Percentage,17.27,18.11,17.46,16.28,16.77,15.3,14.25,12.48,12.42,13.33,14.33,12.78,12.83,13.85,11.61,13.37,12.888,2015,13.37,"Source: World Energy Balances, IEA (2017)",E,103
2018.Q2.G.01,EG_FEC_RNEW,Renewable energy share in the total final energy consumption (%),795,58.9787665,40.0912346,TKM,Turkmenistan,1,PERCENT,Percentage,0.09,0.09,0.09,0.08,0.08,0.07,0.09,0.07,0.07,0.08,0.07,0.07,0.04,0.04,0.04,0.04,0.046,2015,0.04,"Source: World Energy Balances, IEA (2017)",E,104
2018.Q2.G.01,EG_FEC_RNEW,Renewable energy share in the total final energy consumption (%),796,-71.745121,21.80780585,TCA,Turks and Caicos Islands,1,PERCENT,Percentage,0.69,0.68,0.6,0.59,0.6,0.54,0.52,0.5,0.5,0.53,0.52,0.59,0.59,0.6,0.58,0.57,0.586,2015,0.57,"Source: Energy Balances, UN Statistics Division (2017)",E,105
2018.Q2.G.01,EG_FEC_RNEW,Renewable energy share in the total final energy consumption (%),798,178.6679611,-7.460048071,TUV,Tuvalu,1,PERCENT,Percentage,0,0,0,0,0,0,0,0,0,0,0,0,0,0,0,8.16,1.632,2015,8.16,"Source: Energy Balances, UN Statistics Division (2017)",E,106
2018.Q2.G.01,EG_FEC_RNEW,Renewable energy share in the total final energy consumption (%),800,32.39100438,1.279557331,UGA,Uganda,1,PERCENT,Percentage,93.91,94.15,94.32,94.23,93.92,92.81,92.42,92.31,92.28,92.44,91.61,91.09,91.27,90.75,90.22,89.06,90.478,2015,89.06,"Source: Energy Balances, UN Statistics Division (2017)",E,107
2018.Q2.G.01,EG_FEC_RNEW,Renewable energy share in the total final energy consumption (%),804,31.40270802,49.00735945,UKR,Ukraine,1,PERCENT,Percentage,1.25,1.23,1.03,0.97,1.19,1.25,1.73,2.39,2.72,2.96,2.88,2.74,2.86,3.49,3.5,4.14,3.346,2015,4.14,"Source: World Energy Balances, IEA (2017)",E,108
2018.Q2.G.01,EG_FEC_RNEW,Renewable energy share in the total final energy consumption (%),807,21.7007909,41.60048068,MKD,"Macedonia, Republic of",1,PERCENT,Percentage,19.38,15.17,14.63,17.29,18.2,18.95,19.65,15.7,15.59,18.47,22.33,18.64,18.28,21.2,21.2,24.22,20.708,2015,24.22,"Source: World Energy Balances, IEA (2017)",E,109
2018.Q2.G.01,EG_FEC_RNEW,Renewable energy share in the total final energy consumption (%),818,29.77468534,26.57438204,EGY,Egypt,1,PERCENT,Percentage,8.1,7.71,7.26,7.39,7.54,6.49,6.23,6.09,5.97,5.76,5.72,5.58,5.55,5.71,5.87,5.71,5.684,2015,5.71,"Source: World Energy Balances, IEA (2017)",E,110
2018.Q2.G.01,EG_FEC_RNEW,Renewable energy share in the total final energy consumption (%),826,-2.23830539,53.27691757,GBR,United Kingdom,1,PERCENT,Percentage,0.96,0.85,0.97,0.93,1.14,1.35,1.55,1.84,2.78,3.38,3.64,4.4,4.75,6.02,7.4,8.71,6.256,2015,8.71,"Source: World Energy Balances, IEA (2017)",E,111
2018.Q2.G.01,EG_FEC_RNEW,Renewable energy share in the total final energy consumption (%),831,-2.200712402,49.71561166,GGY,Guernsey,1,PERCENT,Percentage,,,,,,,,,,,,,,,,,,,,,,112
2018.Q2.G.01,EG_FEC_RNEW,Renewable energy share in the total final energy consumption (%),832,-2.136773508,49.22353354,JEY,Jersey,1,PERCENT,Percentage,,,,,,,,,,,,,,,,,,,,,,113
2018.Q2.G.01,EG_FEC_RNEW,Renewable energy share in the total final energy consumption (%),833,-4.538190305,54.22880901,IMN,Isle of Man,1,PERCENT,Percentage,,,,,,,,,,,,,,,,,,,,,,114
2018.Q2.G.01,EG_FEC_RNEW,Renewable energy share in the total final energy consumption (%),834,34.80521182,-6.265332606,TZA,"Tanzania, United Republic of",1,PERCENT,Percentage,93.72,93.23,92.48,92.38,91.73,91.01,90.9,91.36,91.05,91.64,90.32,88.51,86.35,86.62,86.67,85.71,86.772,2015,85.71,"Source: World Energy Balances, IEA (2017)",E,115
2018.Q2.G.01,EG_FEC_RNEW,Renewable energy share in the total final energy consumption (%),840,-99.13830311,39.5277871,USA,United States of America,1,PERCENT,Percentage,5.43,4.68,4.84,5.33,5.48,5.84,6.4,6.3,6.85,7.35,7.51,8.16,8.48,8.71,8.75,8.72,8.564,2015,8.72,"Source: World Energy Balances, IEA (2017)",E,116
2018.Q2.G.01,EG_FEC_RNEW,Renewable energy share in the total final energy consumption (%),850,-64.76960113,17.73297693,VIR,United States Virgin Islands,1,PERCENT,Percentage,0,0,0,0,0,0,0,0,0,0,0,0.34,0.97,1.65,2.76,3.88,1.92,2015,3.88,"Source: Energy Balances, UN Statistics Division (2017)",E,117
2018.Q2.G.01,EG_FEC_RNEW,Renewable energy share in the total final energy consumption (%),854,-1.742843829,12.27491081,BFA,Burkina Faso,1,PERCENT,Percentage,85.41,83.68,79.34,79.08,83.53,86.54,84.62,82.43,82.94,83.6,81.45,80.57,77.18,75.43,75.24,74.17,76.518,2015,74.17,"Source: Energy Balances, UN Statistics Division (2017)",E,118
2018.Q2.G.01,EG_FEC_RNEW,Renewable energy share in the total final energy consumption (%),858,-56.01387025,-32.8002838,URY,Uruguay,1,PERCENT,Percentage,38.8,40.95,43.04,43.11,38.32,39.91,35.66,41.46,43.28,45.29,52.82,48.84,46.92,50.75,55.39,58.02,51.984,2015,58.02,"Source: World Energy Balances, IEA (2017)",E,119
2018.Q2.G.01,EG_FEC_RNEW,Renewable energy share in the total final energy consumption (%),860,63.11944558,41.77560518,UZB,Uzbekistan,1,PERCENT,Percentage,1.22,1.22,1.19,1.53,1.85,1.86,1.93,1.35,2.33,2.22,2.64,2.25,2.38,2.87,2.9,2.97,2.674,2015,2.97,"Source: World Energy Balances, IEA (2017)",E,120
2018.Q2.G.01,EG_FEC_RNEW,Renewable energy share in the total final energy consumption (%),862,-66.15642084,7.121324748,VEN,Venezuela (Bolivarian Republic),1,PERCENT,Percentage,14.66,13.39,12.88,12.96,13.76,13.5,15.44,16.52,13.4,13.65,11.44,13.53,12.24,14.42,12.32,12.84,13.07,2015,12.84,"Source: World Energy Balances, IEA (2017)",E,121
2018.Q2.G.01,EG_FEC_RNEW,Renewable energy share in the total final energy consumption (%),876,-176.2034788,-13.28471201,WLF,Wallis and Futuna Islands,1,PERCENT,Percentage,0,0,0,0,0,0,0,0,0,0,0,0,0,0,0,0,0,2015,0,"Source: Energy Balances, UN Statistics Division (2017)",E,122
2018.Q2.G.01,EG_FEC_RNEW,Renewable energy share in the total final energy consumption (%),882,-172.4430749,-13.61541469,WSM,Samoa,1,PERCENT,Percentage,45.37,44.07,44.95,44.58,44.62,45.13,45.04,45.94,45.97,45.69,46.75,39.82,40.12,42.25,42.34,34.32,39.77,2015,34.32,"Source: Energy Balances, UN Statistics Division (2017)",E,123
2018.Q2.G.01,EG_FEC_RNEW,Renewable energy share in the total final energy consumption (%),887,45.22389143,15.22242099,YEM,Yemen,1,PERCENT,Percentage,1.15,1.07,1.06,0.93,0.91,0.89,0.93,0.94,0.9,0.86,0.96,1.14,1.33,0.93,0.97,2.28,1.33,2015,2.28,"Source: World Energy Balances, IEA (2017)",E,124
2018.Q2.G.01,EG_FEC_RNEW,Renewable energy share in the total final energy consumption (%),894,27.850329,-14.59701056,ZMB,Zambia,1,PERCENT,Percentage,89.99,89.81,89.65,89.36,89.5,89,89.84,92.96,92.18,92.09,92.1,90.9,88.63,88.48,88.03,87.99,88.806,2015,87.99,"Source: World Energy Balances, IEA (2017)",E,125
2018.Q2.G.01,EG_FEC_RNEW,Renewable energy share in the total final energy consumption (%),8,20.06660928,41.13897007,ALB,Albania,1,PERCENT,Percentage,41.45,39.13,35.9,33.75,35.94,36.87,31.71,32.1,35.91,37.22,37.12,35.96,40.05,41.29,38.69,38.62,38.922,2015,38.62,"Source: World Energy Balances, IEA (2017)",E,126
2018.Q2.G.01,EG_FEC_RNEW,Renewable energy share in the total final energy consumption (%),10,21.47585697,-80.40897662,ATA,Antarctica,1,PERCENT,Percentage,,,,,,,,,,,,,,,,,,,,,,127
2018.Q2.G.01,EG_FEC_RNEW,Renewable energy share in the total final energy consumption (%),12,2.678164227,28.15940032,DZA,Algeria,1,PERCENT,Percentage,0.43,0.43,0.51,0.47,0.44,0.58,0.41,0.41,0.3,0.31,0.26,0.18,0.19,0.14,0.07,0.06,0.128,2015,0.06,"Source: World Energy Balances, IEA (2017)",E,128
2018.Q2.G.01,EG_FEC_RNEW,Renewable energy share in the total final energy consumption (%),16,-170.7187269,-14.30587306,ASM,American Samoa,1,PERCENT,Percentage,0,0,0,0,0,0,0,0,0,0,0,0,0.7,0.7,0.7,0.89,0.598,2015,0.89,"Source: Energy Balances, UN Statistics Division (2017)",E,129
2018.Q2.G.01,EG_FEC_RNEW,Renewable energy share in the total final energy consumption (%),20,1.576257417,42.54548611,AND,Andorra,1,PERCENT,Percentage,14.89,15.77,16.22,16.91,16.87,16.9,17.49,16.94,17.42,17.52,19.09,18.97,19.2,19.56,19.89,19.75,19.474,2015,19.75,"Source: Energy Balances, UN Statistics Division (2017)",E,130
2018.Q2.G.01,EG_FEC_RNEW,Renewable energy share in the total final energy consumption (%),24,17.57817062,-12.33724746,AGO,Angola,1,PERCENT,Percentage,74.62,73.76,72.13,67.31,65.49,70.95,65.02,61.6,58.11,55.75,54.19,52.72,52.25,50.69,50.8,49.57,51.206,2015,49.57,"Source: World Energy Balances, IEA (2017)",E,131
2018.Q2.G.01,EG_FEC_RNEW,Renewable energy share in the total final energy consumption (%),28,-61.7999755,17.07761471,ATG,Antigua and Barbuda,1,PERCENT,Percentage,0,0,0,0,0,0,0,0,0,0,0.29,0.3,0,0,0,0,0.06,2015,0,"Source: Energy Balances, UN Statistics Division (2017)",E,132
2018.Q2.G.01,EG_FEC_RNEW,Renewable energy share in the total final energy consumption (%),31,50.01064725,40.39229544,AZE,Azerbaijan,1,PERCENT,Percentage,2.07,1.75,2.35,2.94,3.07,3.37,2.86,3.79,3.09,3.27,4.45,3.56,2.85,2.53,2.12,2.31,2.674,2015,2.31,"Source: World Energy Balances, IEA (2017)",E,133
2018.Q2.G.01,EG_FEC_RNEW,Renewable energy share in the total final energy consumption (%),32,-65.14563274,-35.19446255,ARG,Argentina,1,PERCENT,Percentage,11.08,13.04,13.29,12.52,8.35,8.96,10.19,8.89,7.61,8.57,8.96,10.12,9.87,10.21,10.9,10.04,10.228,2015,10.04,"Source: World Energy Balances, IEA (2017)",E,134
2018.Q2.G.01,EG_FEC_RNEW,Renewable energy share in the total final energy consumption (%),36,134.3499412,-25.57717202,AUS,Australia,1,PERCENT,Percentage,8.42,8.37,8.74,7.15,6.68,6.71,6.85,6.95,6.79,7.11,8.11,8.26,8.25,9.09,9.28,9.18,8.812,2015,9.18,"Source: World Energy Balances, IEA (2017)",E,135
2018.Q2.G.01,EG_FEC_RNEW,Renewable energy share in the total final energy consumption (%),40,14.14172472,47.58704857,AUT,Austria,1,PERCENT,Percentage,26.39,25.48,24.68,22.58,23.22,24.17,26.25,28.6,29.36,30.51,30.66,30.99,33.43,34.68,35.39,34.39,33.776,2015,34.39,"Source: World Energy Balances, IEA (2017)",E,136
2018.Q2.G.01,EG_FEC_RNEW,Renewable energy share in the total final energy consumption (%),44,-78.05111663,24.69546597,BHS,Bahamas,1,PERCENT,Percentage,0,0.45,0.42,1.69,1.7,1.84,2.17,3.71,2.15,1.92,1.66,1.43,1.18,0.84,1.09,1.21,1.15,2015,1.21,"Source: Energy Balances, UN Statistics Division (2017)",E,137
2018.Q2.G.01,EG_FEC_RNEW,Renewable energy share in the total final energy consumption (%),48,50.5490754,26.04407747,BHR,Bahrain,1,PERCENT,Percentage,0,0,0,0,0,0,0,0,0,0,0,0,0,0,0,0,0,2015,0,"Source: World Energy Balances, IEA (2017)",E,138
2018.Q2.G.01,EG_FEC_RNEW,Renewable energy share in the total final energy consumption (%),50,89.17660788,22.86961622,BGD,Bangladesh,1,PERCENT,Percentage,59.01,55.79,54.32,52.64,52.12,50.78,48.9,47.48,45.58,43.69,41.05,39.44,38.61,38.76,37.63,34.75,37.838,2015,34.75,"Source: World Energy Balances, IEA (2017)",E,139
2018.Q2.G.01,EG_FEC_RNEW,Renewable energy share in the total final energy consumption (%),51,44.93839317,40.29499741,ARM,Armenia,1,PERCENT,Percentage,7.16,5.42,8.9,9.81,8.71,6.49,7.65,7.02,6.41,7.8,9.36,8.01,6.57,6.77,7.72,15.79,8.972,2015,15.79,"Source: World Energy Balances, IEA (2017)",E,140
2018.Q2.G.01,EG_FEC_RNEW,Renewable energy share in the total final energy consumption (%),52,-59.5346489,13.13648273,BRB,Barbados,1,PERCENT,Percentage,13.62,12.29,11.07,9.95,9.93,9.91,9.9,9.71,8.63,9.38,9.03,4.58,4.13,3.4,3.16,2.79,3.612,2015,2.79,"Source: Energy Balances, UN Statistics Division (2017)",E,141
2018.Q2.G.01,EG_FEC_RNEW,Renewable energy share in the total final energy consumption (%),56,4.660976456,50.64104975,BEL,Belgium,1,PERCENT,Percentage,1.45,1.58,1.69,1.89,2.02,2.47,2.83,3.33,3.91,4.83,5.84,6.63,7.76,8.13,9.07,9.2,8.158,2015,9.2,"Source: World Energy Balances, IEA (2017)",E,142
2018.Q2.G.01,EG_FEC_RNEW,Renewable energy share in the total final energy consumption (%),60,-64.78155012,32.27881922,BMU,Bermuda,1,PERCENT,Percentage,0,0,0,0,0,0,0,2.36,2.28,2.61,2.39,2.32,2.14,1.93,1.99,2.36,2.148,2015,2.36,"Source: Energy Balances, UN Statistics Division (2017)",E,143
2018.Q2.G.01,EG_FEC_RNEW,Renewable energy share in the total final energy consumption (%),64,90.45098484,27.39598568,BTN,Bhutan,1,PERCENT,Percentage,91.4,91.75,91.2,91.92,93.45,91.66,91.92,92.19,92,92.61,90.89,89.61,88.04,87.04,87.03,86.9,87.724,2015,86.9,"Source: Energy Balances, UN Statistics Division (2017)",E,144
2018.Q2.G.01,EG_FEC_RNEW,Renewable energy share in the total final energy consumption (%),68,-64.66224284,-16.71273412,BOL,Bolivia (Plurinational State of),1,PERCENT,Percentage,27.39,28.31,27.74,26.08,24.51,23.48,22.55,21.53,20.51,19.99,20.07,19.29,17.92,18.64,16.82,17.54,18.042,2015,17.54,"Source: World Energy Balances, IEA (2017)",E,145
2018.Q2.G.01,EG_FEC_RNEW,Renewable energy share in the total final energy consumption (%),70,17.78584332,44.16845548,BIH,Bosnia and Herzegovina,1,PERCENT,Percentage,19.35,20.27,21.21,20.14,20.1,19.74,18.12,14.84,14.28,17.43,19.57,14.16,15.28,19.48,41.75,40.75,26.284,2015,40.75,"Source: World Energy Balances, IEA (2017)",E,146
2018.Q2.G.01,EG_FEC_RNEW,Renewable energy share in the total final energy consumption (%),72,23.81380223,-22.18810073,BWA,Botswana,1,PERCENT,Percentage,36.56,35.67,34.25,34.23,32.12,30.76,29.37,27.67,27.16,28.28,30.19,30,29.75,29.22,28.8,28.88,29.33,2015,28.88,"Source: World Energy Balances, IEA (2017)",E,147
2018.Q2.G.01,EG_FEC_RNEW,Renewable energy share in the total final energy consumption (%),74,3.410732868,-54.43295905,BVT,Bouvet Island,1,PERCENT,Percentage,,,,,,,,,,,,,,,,,,,,,,148
2018.Q2.G.01,EG_FEC_RNEW,Renewable energy share in the total final energy consumption (%),76,-53.08432878,-10.77668561,BRA,Brazil,1,PERCENT,Percentage,42.8,41.48,43.02,45.31,45.39,46.35,46.91,47.42,47.26,49.11,47.01,45.47,43.62,42.45,41.84,43.79,43.434,2015,43.79,"Source: World Energy Balances, IEA (2017)",E,149
2018.Q2.G.01,EG_FEC_RNEW,Renewable energy share in the total final energy consumption (%),84,-88.70199554,17.19965901,BLZ,Belize,1,PERCENT,Percentage,34.55,29.61,31.19,30.17,32.02,31.01,36.8,32.31,34.06,26.62,33.71,31.02,37.11,34.66,36.91,35.02,34.944,2015,35.02,"Source: Energy Balances, UN Statistics Division (2017)",E,150
2018.Q2.G.01,EG_FEC_RNEW,Renewable energy share in the total final energy consumption (%),86,72.38715553,-7.299281071,IOT,British Indian Ocean Territory,1,PERCENT,Percentage,,,,,,,,,,,,,,,,,,,,,,151
2018.Q2.G.01,EG_FEC_RNEW,Renewable energy share in the total final energy consumption (%),90,160.1584117,-9.622391719,SLB,Solomon Islands,1,PERCENT,Percentage,66.9,66.55,66.5,65.21,65.75,67.08,66.46,64.01,64.3,64.01,63.49,63.67,63.53,63.43,62.99,63.31,63.386,2015,63.31,"Source: Energy Balances, UN Statistics Division (2017)",E,152
2018.Q2.G.01,EG_FEC_RNEW,Renewable energy share in the total final energy consumption (%),92,-64.63294223,18.42256578,VGB,British Virgin Islands,1,PERCENT,Percentage,1.05,1.06,1.03,0.97,0.94,0.94,0.87,0.86,0.83,0.83,0.85,1.05,1.09,1.16,1.22,1.23,1.15,2015,1.23,"Source: Energy Balances, UN Statistics Division (2017)",E,153
2018.Q2.G.01,EG_FEC_RNEW,Renewable energy share in the total final energy consumption (%),96,114.6288563,4.49736984,BRN,Brunei Darussalam,1,PERCENT,Percentage,0,0,0,0,0,0,0,0,0,0,0,0.02,0.01,0.01,0.01,0.01,0.012,2015,0.01,"Source: World Energy Balances, IEA (2017)",E,154
2018.Q2.G.01,EG_FEC_RNEW,Renewable energy share in the total final energy consumption (%),100,25.23763153,42.75731323,BGR,Bulgaria,1,PERCENT,Percentage,7.98,7.28,8.73,9.16,9.6,9.89,10,8.87,9.95,11.66,14.37,13.28,15.75,18.16,16.97,17.65,16.362,2015,17.65,"Source: World Energy Balances, IEA (2017)",E,155
2018.Q2.G.01,EG_FEC_RNEW,Renewable energy share in the total final energy consumption (%),104,96.51752295,21.19332882,MMR,Myanmar,1,PERCENT,Percentage,80.16,82.47,83,79.79,80.27,79.55,81.12,80.32,85.57,85.63,84.4,83.86,77.91,74.11,66.13,61.53,72.708,2015,61.53,"Source: World Energy Balances, IEA (2017)",E,156
2018.Q2.G.01,EG_FEC_RNEW,Renewable energy share in the total final energy consumption (%),108,29.89080992,-3.366387428,BDI,Burundi,1,PERCENT,Percentage,93.23,96.23,96.16,97.02,97.27,97.29,96.86,96.89,96.85,96.92,96.76,96.59,93.96,94.07,94.6,95.68,94.98,2015,95.68,"Source: Energy Balances, UN Statistics Division (2017)",E,157
2018.Q2.G.01,EG_FEC_RNEW,Renewable energy share in the total final energy consumption (%),112,28.04940161,53.54193075,BLR,Belarus,1,PERCENT,Percentage,4.98,5.53,5.76,5.6,5.66,6.15,6.49,6.62,6.49,6.78,7.02,7.38,7.25,7.01,6.63,6.77,7.008,2015,6.77,"Source: World Energy Balances, IEA (2017)",E,158
2018.Q2.G.01,EG_FEC_RNEW,Renewable energy share in the total final energy consumption (%),116,104.922836,12.71163737,KHM,Cambodia,1,PERCENT,Percentage,81.14,79.59,83.02,82.07,78.21,76.07,73.86,69.37,68,71.32,68.52,68.16,68.26,68.97,68.01,64.92,67.664,2015,64.92,"Source: World Energy Balances, IEA (2017)",E,159
2018.Q2.G.01,EG_FEC_RNEW,Renewable energy share in the total final energy consumption (%),120,12.7419827,5.692387031,CMR,Cameroon,1,PERCENT,Percentage,84.48,85.2,85.21,85.25,85.46,86.23,85.43,80.71,80.71,79.09,78.6,78.37,78.05,77.61,76.98,76.54,77.51,2015,76.54,"Source: World Energy Balances, IEA (2017)",E,160
2018.Q2.G.01,EG_FEC_RNEW,Renewable energy share in the total final energy consumption (%),124,-101.6575058,57.72360191,CAN,Canada,1,PERCENT,Percentage,21.51,21.01,21.77,21.18,21.58,22.25,22.09,22.13,22.53,22.7,22.08,21.97,22.61,22.38,22.02,22.03,22.202,2015,22.03,"Source: World Energy Balances, IEA (2017)",E,161
2018.Q2.G.01,EG_FEC_RNEW,Renewable energy share in the total final energy consumption (%),132,-23.63544151,15.07791834,CPV,Cabo Verde,1,PERCENT,Percentage,28.98,28.18,27.86,35.25,33.96,26.61,25.07,24.96,27.61,26.16,21.74,21.62,24.4,26.13,26.2,26.58,24.986,2015,26.58,"Source: Energy Balances, UN Statistics Division (2017)",E,162
2018.Q2.G.01,EG_FEC_RNEW,Renewable energy share in the total final energy consumption (%),136,-81.16740559,19.32266656,CYM,Cayman Islands,1,PERCENT,Percentage,0,0,0,0,0,0,0,0,0,0.01,0.01,0.02,0.01,0.01,0.01,0.01,0.012,2015,0.01,"Source: Energy Balances, UN Statistics Division (2017)",E,163
2018.Q2.G.01,EG_FEC_RNEW,Renewable energy share in the total final energy consumption (%),140,20.93559492,7.003720791,CAF,Central African Republic,1,PERCENT,Percentage,85.07,84.86,84.86,85.53,85.65,85.65,84.8,80.86,80.58,80.58,79.81,78.77,78.03,77.08,76.9,76.57,77.47,2015,76.57,"Source: Energy Balances, UN Statistics Division (2017)",E,164
2018.Q2.G.01,EG_FEC_RNEW,Renewable energy share in the total final energy consumption (%),144,80.70489654,7.614693343,LKA,Sri Lanka,1,PERCENT,Percentage,64.16,62.93,62.1,61.3,61.61,60.08,62.17,60.2,61.57,63.51,61.84,59.25,60.69,59.87,57.59,52.88,58.056,2015,52.88,"Source: World Energy Balances, IEA (2017)",E,165
2018.Q2.G.01,EG_FEC_RNEW,Renewable energy share in the total final energy consumption (%),148,18.66618401,15.36279341,TCD,Chad,1,PERCENT,Percentage,97.16,97.26,97.26,91.97,92.12,91.73,91.81,90.71,90.07,91.05,90.79,90.6,90.65,89.46,89.24,89.36,89.862,2015,89.36,"Source: Energy Balances, UN Statistics Division (2017)",E,166
2018.Q2.G.01,EG_FEC_RNEW,Renewable energy share in the total final energy consumption (%),152,-71.23029019,-35.2652885,CHL,Chile,1,PERCENT,Percentage,31.36,32.15,33.07,31.61,31.43,32.26,32.91,30.46,30.83,31.53,27.04,28.79,30.3,30.18,26.72,24.88,28.174,2015,24.88,"Source: World Energy Balances, IEA (2017)",E,167
2018.Q2.G.01,EG_FEC_RNEW,Renewable energy share in the total final energy consumption (%),156,104.1403375,32.30955217,CHN,China,1,PERCENT,Percentage,29.73,28.46,27.1,23.95,20.25,18.2,17.09,15.35,14.6,13.91,12.88,11.7,11.97,11.84,12.22,12.41,12.028,2015,12.41,"Source: World Energy Balances, IEA (2017)",E,168
2018.Q2.G.01,EG_FEC_RNEW,Renewable energy share in the total final energy consumption (%),162,105.6426067,-10.4882473,CXR,Christmas Island,1,PERCENT,Percentage,,,,,,,,,,,,,,,,,,,,,,169
2018.Q2.G.01,EG_FEC_RNEW,Renewable energy share in the total final energy consumption (%),166,96.82633757,-12.18600682,CCK,Cocos (Keeling) Islands,1,PERCENT,Percentage,,,,,,,,,,,,,,,,,,,,,,170
2018.Q2.G.01,EG_FEC_RNEW,Renewable energy share in the total final energy consumption (%),170,-73.07446751,3.888209046,COL,Colombia,1,PERCENT,Percentage,28.03,27.23,28.79,30.69,29.16,28.73,28.98,29.66,28.96,29.55,27.93,26.78,26.64,24.47,24.44,23.56,25.178,2015,23.56,"Source: World Energy Balances, IEA (2017)",E,171
2018.Q2.G.01,EG_FEC_RNEW,Renewable energy share in the total final energy consumption (%),174,43.34234565,-11.66121732,COM,Comoros,1,PERCENT,Percentage,48.25,47.95,48.45,42.87,41.84,44.28,43.37,50.11,50.95,49.82,46.41,47.79,48.01,44.08,46.62,45.33,46.366,2015,45.33,"Source: Energy Balances, UN Statistics Division (2017)",E,172
2018.Q2.G.01,EG_FEC_RNEW,Renewable energy share in the total final energy consumption (%),175,45.14015057,-12.82217691,MYT,Mayotte,1,PERCENT,Percentage,16.17,15.37,14.92,14.14,13.35,11.45,10.97,10.38,9.7,9.45,9.96,11.93,11.6,11.33,10.55,10.24,11.13,2015,10.24,"Source: Energy Balances, UN Statistics Division (2017)",E,173
2018.Q2.G.01,EG_FEC_RNEW,Renewable energy share in the total final energy consumption (%),178,15.22052612,-0.840544119,COG,Congo,1,PERCENT,Percentage,64.85,61.18,68.63,62.21,63.24,63.49,69.69,60.68,57.22,56.39,55.15,64.95,65.51,62.69,62.4,62.4,63.59,2015,62.4,"Source: World Energy Balances, IEA (2017)",E,174
2018.Q2.G.01,EG_FEC_RNEW,Renewable energy share in the total final energy consumption (%),180,23.65496507,-2.877154732,COD,Democratic Republic of the Congo,1,PERCENT,Percentage,97.94,98.34,98.27,97.97,97.88,97.42,97.33,97.17,96.97,97.02,96.83,96.25,95.53,94.01,92.87,95.82,94.896,2015,95.82,"Source: World Energy Balances, IEA (2017)",E,175
2018.Q2.G.01,EG_FEC_RNEW,Renewable energy share in the total final energy consumption (%),184,-159.7711391,-21.22696458,COK,Cook Islands,1,PERCENT,Percentage,0,0,0,0,0,0,0,0,0,0,0,0.47,0.7,0.7,1.25,1.25,0.874,2015,1.25,"Source: Energy Balances, UN Statistics Division (2017)",E,176
2018.Q2.G.01,EG_FEC_RNEW,Renewable energy share in the total final energy consumption (%),188,-84.19712782,9.970998683,CRI,Costa Rica,1,PERCENT,Percentage,32.95,32.11,32.65,33.66,39.5,42.06,42.26,42.84,43.13,42.27,42.31,40.5,38.62,38.07,37.84,38.73,38.752,2015,38.73,"Source: World Energy Balances, IEA (2017)",E,177
2018.Q2.G.01,EG_FEC_RNEW,Renewable energy share in the total final energy consumption (%),191,17.95874553,45.45172212,HRV,Croatia,1,PERCENT,Percentage,26.79,26.95,24.63,24.84,26.59,26.84,25.52,22.67,24.16,27.18,29.78,27.19,29.42,32.84,33.65,33.13,31.246,2015,33.13,"Source: World Energy Balances, IEA (2017)",E,178
2018.Q2.G.01,EG_FEC_RNEW,Renewable energy share in the total final energy consumption (%),192,-79.54460144,22.10030366,CUB,Cuba,1,PERCENT,Percentage,34.43,34.05,34.81,33.57,33.78,26.32,21.97,18.59,18.73,16.12,13.16,16.68,17.1,16.89,18.8,19.28,17.75,2015,19.28,"Source: World Energy Balances, IEA (2017)",E,179
2018.Q2.G.01,EG_FEC_RNEW,Renewable energy share in the total final energy consumption (%),196,33.22285964,35.05659437,CYP,Cyprus,1,PERCENT,Percentage,3.1,3.05,3.18,3.26,3.3,3.36,3.51,4.36,5.49,5.98,6.35,7.42,8.34,9.5,9.36,9.94,8.912,2015,9.94,"Source: World Energy Balances, IEA (2017)",E,180
2018.Q2.G.01,EG_FEC_RNEW,Renewable energy share in the total final energy consumption (%),203,15.33151382,49.73913871,CZE,Czechia,1,PERCENT,Percentage,5.94,6.29,7.28,6.72,7.11,7.51,7.86,8.29,8.96,10.21,10.92,12.12,12.76,13.92,14.83,14.83,13.692,2015,14.83,"Source: World Energy Balances, IEA (2017)",E,181
2018.Q2.G.01,EG_FEC_RNEW,Renewable energy share in the total final energy consumption (%),204,2.339933594,9.65401646,BEN,Benin,1,PERCENT,Percentage,70.29,66.85,64.04,61.73,60.69,59.19,57.3,54.49,54.76,52.83,48.12,49.45,51.15,52.71,52.54,50.86,51.342,2015,50.86,"Source: World Energy Balances, IEA (2017)",E,182
2018.Q2.G.01,EG_FEC_RNEW,Renewable energy share in the total final energy consumption (%),208,9.326571283,56.03829721,DNK,Denmark,1,PERCENT,Percentage,10.74,11.12,11.87,12.72,14.45,16.13,15.27,17.7,18.55,19.34,21.35,23.9,27.28,27.34,30.27,33.17,28.392,2015,33.17,"Source: World Energy Balances, IEA (2017)",E,183
2018.Q2.G.01,EG_FEC_RNEW,Renewable energy share in the total final energy consumption (%),212,-61.3493756,15.43391378,DMA,Dominica,1,PERCENT,Percentage,11.03,9.39,13.58,10.54,9.99,9.6,8.64,7.75,7.46,8.16,8.91,11.48,9.73,9.88,8.61,7.83,9.506,2015,7.83,"Source: Energy Balances, UN Statistics Division (2017)",E,184
2018.Q2.G.01,EG_FEC_RNEW,Renewable energy share in the total final energy consumption (%),214,-70.49847576,18.89832088,DOM,Dominican Republic,1,PERCENT,Percentage,18.42,18.48,15.91,18.67,20.54,19.33,18.43,18.22,17.94,17.55,16.98,17.24,17.05,17.51,18.02,16.48,17.26,2015,16.48,"Source: World Energy Balances, IEA (2017)",E,185
2018.Q2.G.01,EG_FEC_RNEW,Renewable energy share in the total final energy consumption (%),218,-78.37005241,-1.447785891,ECU,Ecuador,1,PERCENT,Percentage,20.03,18.43,18.06,17.97,15.97,12.16,12.97,12.81,15.09,13.3,12.11,13.35,13.1,12.68,12.22,13.82,13.034,2015,13.82,"Source: World Energy Balances, IEA (2017)",E,186
2018.Q2.G.01,EG_FEC_RNEW,Renewable energy share in the total final energy consumption (%),222,-88.86862995,13.73603564,SLV,El Salvador,1,PERCENT,Percentage,50.86,50.19,50.74,47.98,47.39,47.19,47.65,33.27,36.93,29.3,30.77,30.31,27.26,28.16,28.27,24.4,27.68,2015,24.4,"Source: World Energy Balances, IEA (2017)",E,187
2018.Q2.G.01,EG_FEC_RNEW,Renewable energy share in the total final energy consumption (%),226,10.46535826,1.565792376,GNQ,Equatorial Guinea,1,PERCENT,Percentage,52.58,24.1,15.39,14.83,12.32,7.86,6.63,5.68,6.31,6.1,5.95,5.64,5.35,5.96,7.64,7.82,6.482,2015,7.82,"Source: Energy Balances, UN Statistics Division (2017)",E,188
2018.Q2.G.01,EG_FEC_RNEW,Renewable energy share in the total final energy consumption (%),231,39.63505296,8.631223181,ETH,Ethiopia,1,PERCENT,Percentage,95.95,95.08,95.02,94.75,94.66,95.13,94.94,94.57,94.52,94.6,94.52,94.01,93.75,93,92.07,92.16,92.998,2015,92.16,"Source: World Energy Balances, IEA (2017)",E,189
2018.Q2.G.01,EG_FEC_RNEW,Renewable energy share in the total final energy consumption (%),232,38.11074289,16.12894644,ERI,Eritrea,1,PERCENT,Percentage,76.78,74.85,74.83,75.04,70.1,74.86,78.56,80.02,81.9,81.81,81.25,80.75,80.23,80.23,79.93,79.77,80.182,2015,79.77,"Source: World Energy Balances, IEA (2017)",E,190
2018.Q2.G.01,EG_FEC_RNEW,Renewable energy share in the total final energy consumption (%),233,25.84093481,58.68487172,EST,Estonia,1,PERCENT,Percentage,19.84,18.94,19.42,19.83,19.99,18.86,17.16,18.57,20.19,24.09,25.13,24.98,24.91,24.48,25.33,27.48,25.436,2015,27.48,"Source: World Energy Balances, IEA (2017)",E,191
2018.Q2.G.01,EG_FEC_RNEW,Renewable energy share in the total final energy consumption (%),234,-7.122044325,62.21228119,FRO,Faroe Islands,1,PERCENT,Percentage,2.77,2.56,3.4,3.11,3.42,3.84,4.3,4.54,4.51,5.12,3.38,5,4.7,4.32,6.54,7.51,5.614,2015,7.51,"Source: Energy Balances, UN Statistics Division (2017)",E,192
2018.Q2.G.01,EG_FEC_RNEW,Renewable energy share in the total final energy consumption (%),238,-58.75246778,-51.74562601,FLK,Falkland Islands (Malvinas),1,PERCENT,Percentage,1.36,1.3,1.19,1.12,1.01,0.99,0.88,0.87,0.86,0.88,3.71,3.83,3.79,3.83,3.87,3.89,3.842,2015,3.89,"Source: Energy Balances, UN Statistics Division (2017)",E,193
2018.Q2.G.01,EG_FEC_RNEW,Renewable energy share in the total final energy consumption (%),239,-36.90662765,-54.20736749,SGS,South Georgia and the South Sandwich Islands,1,PERCENT,Percentage,,,,,,,,,,,,,,,,,,,,,,194
2018.Q2.G.01,EG_FEC_RNEW,Renewable energy share in the total final energy consumption (%),242,177.9660884,-17.83301566,FJI,Fiji,1,PERCENT,Percentage,52.88,45.16,51.3,45.82,38.95,43.6,41.41,38.04,45.55,34.99,29.61,33.93,32.79,36.42,34.57,31.26,33.794,2015,31.26,"Source: Energy Balances, UN Statistics Division (2017)",E,195
2018.Q2.G.01,EG_FEC_RNEW,Renewable energy share in the total final energy consumption (%),246,23.308447,61.91586738,FIN,Finland,1,PERCENT,Percentage,31.67,29.24,29.51,28.34,31.09,31.51,31.24,31.79,34.73,32.6,33.58,35.26,38.8,38.48,41.24,43.24,39.404,2015,43.24,"Source: World Energy Balances, IEA (2017)",E,196
2018.Q2.G.01,EG_FEC_RNEW,Renewable energy share in the total final energy consumption (%),248,19.80945969,60.1544901,ALA,Åland Islands,1,PERCENT,Percentage,,,,,,,,,,,,,,,,,,,,,,197
2018.Q2.G.01,EG_FEC_RNEW,Renewable energy share in the total final energy consumption (%),250,2.457288129,46.62660861,FRA,France,1,PERCENT,Percentage,9.26,9.4,8.67,8.85,8.89,8.6,8.46,9.32,10.47,11.22,11.85,10.91,12.37,13.48,13.35,13.5,12.722,2015,13.5,"Source: World Energy Balances, IEA (2017)",E,198
2018.Q2.G.01,EG_FEC_RNEW,Renewable energy share in the total final energy consumption (%),254,-53.23619089,3.922673437,GUF,French Guiana,1,PERCENT,Percentage,23.84,25.92,30.37,22.96,26.4,28.5,33.88,30.67,35.05,26,29.55,32.47,33.81,32.9,30.03,32.44,32.33,2015,32.44,"Source: Energy Balances, UN Statistics Division (2017)",E,199
2018.Q2.G.01,EG_FEC_RNEW,Renewable energy share in the total final energy consumption (%),258,-149.4052367,-17.67709294,PYF,French Polynesia,1,PERCENT,Percentage,9.94,6.88,6.23,7.23,7.85,8.15,10.22,9.87,9.34,9.37,11.57,9.79,9.34,8.83,10.16,9.83,9.59,2015,9.83,"Source: Energy Balances, UN Statistics Division (2017)",E,200
2018.Q2.G.01,EG_FEC_RNEW,Renewable energy share in the total final energy consumption (%),260,69.64849091,-49.6068576,ATF,French Southern Territories,1,PERCENT,Percentage,,,,,,,,,,,,,,,,,,,,,,201
2018.Q2.G.01,EG_FEC_RNEW,Renewable energy share in the total final energy consumption (%),262,42.18274707,11.56004161,DJI,Djibouti,1,PERCENT,Percentage,31.44,31.68,32.44,32.88,33.62,33.09,33.01,32.52,33.14,33.31,34.43,34.44,34.07,34.01,34.15,15.38,30.41,2015,15.38,"Source: Energy Balances, UN Statistics Division (2017)",E,202
2018.Q2.G.01,EG_FEC_RNEW,Renewable energy share in the total final energy consumption (%),266,11.78727747,-0.60687619,GAB,Gabon,1,PERCENT,Percentage,72.78,72.42,79.81,83.63,85.77,85.24,86.15,87.35,87.38,88.1,85.88,79.77,75.51,82.23,81.35,82.01,80.174,2015,82.01,"Source: World Energy Balances, IEA (2017)",E,203
2018.Q2.G.01,EG_FEC_RNEW,Renewable energy share in the total final energy consumption (%),268,43.3713615,42.04813028,GEO,Georgia,1,PERCENT,Percentage,47.25,53.15,56.76,55.33,54.53,41.48,37.22,36.22,36.3,36.72,39.15,31.54,28.69,34.98,31.89,28.66,31.152,2015,28.66,"Source: World Energy Balances, IEA (2017)",E,204
2018.Q2.G.01,EG_FEC_RNEW,Renewable energy share in the total final energy consumption (%),270,-15.39944785,13.45295927,GMB,Gambia,1,PERCENT,Percentage,63.13,59.64,60.68,60.47,59.85,60.04,59.27,56.73,55.75,53.4,54.71,54.16,54.22,56.64,51.93,51.51,53.692,2015,51.51,"Source: Energy Balances, UN Statistics Division (2017)",E,205
2018.Q2.G.01,EG_FEC_RNEW,Renewable energy share in the total final energy consumption (%),275,35.25694122,31.94347933,PSE,State of Palestine,1,PERCENT,Percentage,17.52,17.12,21.8,21.68,23.08,22.78,18.08,20.48,20.1,16.54,14.06,15.42,12.24,11.61,10.53,10.47,12.054,2015,10.47,"Source: Energy Balances, UN Statistics Division (2017)",E,206
2018.Q2.G.01,EG_FEC_RNEW,Renewable energy share in the total final energy consumption (%),276,10.3806066,51.08862743,DEU,Germany,1,PERCENT,Percentage,3.7,3.9,4.41,5.06,5.83,6.76,7.75,9.41,8.59,9.63,10.29,11.39,12.02,12.09,13.38,14.21,12.618,2015,14.21,"Source: World Energy Balances, IEA (2017)",E,207
2018.Q2.G.01,EG_FEC_RNEW,Renewable energy share in the total final energy consumption (%),288,-1.205623522,7.964825185,GHA,Ghana,1,PERCENT,Percentage,71.62,69.31,65.68,64.47,62.37,61.43,58.56,54.53,55.86,49.91,49.78,48.01,44.48,44.04,45.05,41.41,44.598,2015,41.41,"Source: World Energy Balances, IEA (2017)",E,208
2018.Q2.G.01,EG_FEC_RNEW,Renewable energy share in the total final energy consumption (%),292,-5.347561686,36.13895036,GIB,Gibraltar,1,PERCENT,Percentage,0,0,0,0,0,0,0,0,0,0,0,0,0,0,0,0,0,2015,0,"Source: World Energy Balances, IEA (2017)",E,209
2018.Q2.G.01,EG_FEC_RNEW,Renewable energy share in the total final energy consumption (%),296,-157.5643005,1.768837732,KIR,Kiribati,1,PERCENT,Percentage,4.85,5.23,3.81,3.93,3.78,2.79,2.51,3.11,2.67,3.08,3.46,3.57,3.28,3.03,3.47,4.25,3.52,2015,4.25,"Source: Energy Balances, UN Statistics Division (2017)",E,210
2018.Q2.G.01,EG_FEC_RNEW,Renewable energy share in the total final energy consumption (%),300,22.58307827,39.47301873,GRC,Greece,1,PERCENT,Percentage,7.52,6.81,7.02,7.28,7.54,7.72,8.21,7.92,8.11,8.92,11.09,11.09,13.86,16.29,16.09,17.17,14.9,2015,17.17,"Source: World Energy Balances, IEA (2017)",E,211
2018.Q2.G.01,EG_FEC_RNEW,Renewable energy share in the total final energy consumption (%),304,-41.39371316,74.75625681,GRL,Greenland,1,PERCENT,Percentage,12.2,11.7,12.91,13.64,6.34,6.64,6.9,6.68,6.67,8.59,9.83,12.22,12.17,13.3,14.9,15.53,13.624,2015,15.53,"Source: Energy Balances, UN Statistics Division (2017)",E,212
2018.Q2.G.01,EG_FEC_RNEW,Renewable energy share in the total final energy consumption (%),308,-61.68248568,12.11238395,GRD,Grenada,1,PERCENT,Percentage,10.47,10.4,10.44,10.41,10.54,10.54,10.34,9.88,10.66,10.44,10.5,11.24,11.34,10.89,11.08,10.92,11.094,2015,10.92,"Source: Energy Balances, UN Statistics Division (2017)",E,213
2018.Q2.G.01,EG_FEC_RNEW,Renewable energy share in the total final energy consumption (%),312,-61.64762115,16.14416917,GLP,Guadeloupe,1,PERCENT,Percentage,1.37,1.34,1.73,1.8,2.13,3.08,2.82,3.24,3.27,2.72,1.97,3.04,4.15,5.04,4.99,4.68,4.38,2015,4.68,"Source: Energy Balances, UN Statistics Division (2017)",E,214
2018.Q2.G.01,EG_FEC_RNEW,Renewable energy share in the total final energy consumption (%),316,144.7029305,13.35485404,GUM,Guam,1,PERCENT,Percentage,0,0,0,0,0,0,0,0,0,0,0,0,0,0,0,0,0,2015,0,"Source: Energy Balances, UN Statistics Division (2017)",E,215
2018.Q2.G.01,EG_FEC_RNEW,Renewable energy share in the total final energy consumption (%),320,-91.2312746,15.00273719,GTM,Guatemala,1,PERCENT,Percentage,62.74,61.39,60.54,59.01,57.55,57.33,57.9,57.03,60.78,58.3,66.59,66.42,66.22,64.98,59.9,63.65,64.234,2015,63.65,"Source: World Energy Balances, IEA (2017)",E,216
2018.Q2.G.01,EG_FEC_RNEW,Renewable energy share in the total final energy consumption (%),324,-11.28173419,11.00210343,GIN,Guinea,1,PERCENT,Percentage,85.62,84.93,84.38,83.47,83.19,81.56,81.06,80.36,80.15,79.25,75.71,74.75,76.37,78.53,78.52,76.27,76.888,2015,76.27,"Source: Energy Balances, UN Statistics Division (2017)",E,217
2018.Q2.G.01,EG_FEC_RNEW,Renewable energy share in the total final energy consumption (%),328,-58.97322037,4.788012784,GUY,Guyana,1,PERCENT,Percentage,39.5,40.32,43.24,43.4,44.49,43.36,47.27,35.98,34.54,33.7,33.84,36.3,28.26,26.27,24.02,25.26,28.022,2015,25.26,"Source: Energy Balances, UN Statistics Division (2017)",E,218
2018.Q2.G.01,EG_FEC_RNEW,Renewable energy share in the total final energy consumption (%),332,-72.33640958,18.40426539,HTI,Haiti,1,PERCENT,Percentage,76.04,73.88,74.75,74.92,71.29,76.9,77.01,75.56,75.77,76.87,79.02,79.01,83.16,82.33,78.39,76.07,79.792,2015,76.07,"Source: World Energy Balances, IEA (2017)",E,219
2018.Q2.G.01,EG_FEC_RNEW,Renewable energy share in the total final energy consumption (%),334,73.52633626,-53.09106147,HMD,Heard Island and McDonald Islands,1,PERCENT,Percentage,,,,,,,,,,,,,,,,,,,,,,220
2018.Q2.G.01,EG_FEC_RNEW,Renewable energy share in the total final energy consumption (%),336,12.45315803,41.90343751,VAT,Holy See,1,PERCENT,Percentage,,,,,,,,,,,,,,,,,,,,,,221
2018.Q2.G.01,EG_FEC_RNEW,Renewable energy share in the total final energy consumption (%),340,-86.59974381,14.82243161,HND,Honduras,1,PERCENT,Percentage,55.13,50.54,49.56,48.45,48.19,49.81,51.57,50.13,51.16,52.6,53.16,51.97,48.78,49.77,54.04,51.54,51.22,2015,51.54,"Source: World Energy Balances, IEA (2017)",E,222
2018.Q2.G.01,EG_FEC_RNEW,Renewable energy share in the total final energy consumption (%),344,114.0266445,22.41749934,HKG,"China, Hong Kong Special Administrative Region",1,PERCENT,Percentage,0.6,0.6,0.68,0.7,0.75,0.76,0.74,0.7,0.72,0.65,0.83,1.07,0.82,0.9,0.86,0.85,0.9,2015,0.85,"Source: World Energy Balances, IEA (2017)",E,223
2018.Q2.G.01,EG_FEC_RNEW,Renewable energy share in the total final energy consumption (%),348,19.41221519,47.1651448,HUN,Hungary,1,PERCENT,Percentage,5.17,5.12,5.17,5.01,4.63,4.66,5.36,6.14,6.76,8.4,13.46,14.74,16.47,17.2,15.67,15.56,15.928,2015,15.56,"Source: World Energy Balances, IEA (2017)",E,224
2018.Q2.G.01,EG_FEC_RNEW,Renewable energy share in the total final energy consumption (%),352,-19.02116966,64.79134763,ISL,Iceland,1,PERCENT,Percentage,60.66,62.12,61.84,61.88,61.81,62.47,64.02,66.75,73.46,74.12,75.42,76.45,77.34,76.22,76.34,77.03,76.676,2015,77.03,"Source: World Energy Balances, IEA (2017)",E,225
2018.Q2.G.01,EG_FEC_RNEW,Renewable energy share in the total final energy consumption (%),356,79.3608464,22.34642074,IND,India,1,PERCENT,Percentage,51.58,51.79,50.57,50.84,49.72,48.58,47.44,45.87,43.63,40.77,39.48,38.93,38.39,37.85,36.65,36.02,37.568,2015,36.02,"Source: World Energy Balances, IEA (2017)",E,226
2018.Q2.G.01,EG_FEC_RNEW,Renewable energy share in the total final energy consumption (%),360,113.9174,-0.994582204,IDN,Indonesia,1,PERCENT,Percentage,45.58,44.31,44.64,42.98,41.42,41.45,39.94,39.97,40.16,38.97,37.75,38.23,38.23,38.11,37.45,36.88,37.78,2015,36.88,"Source: World Energy Balances, IEA (2017)",E,227
2018.Q2.G.01,EG_FEC_RNEW,Renewable energy share in the total final energy consumption (%),364,54.19766348,32.74370885,IRN,Iran (Islamic Republic of),1,PERCENT,Percentage,0.44,0.52,0.66,0.83,0.74,1.4,1.4,1.3,0.7,0.78,0.9,0.92,0.93,1,0.94,0.91,0.94,2015,0.91,"Source: World Energy Balances, IEA (2017)",E,228
2018.Q2.G.01,EG_FEC_RNEW,Renewable energy share in the total final energy consumption (%),368,43.76606267,33.05013795,IRQ,Iraq,1,PERCENT,Percentage,0.36,0.35,0.32,0.36,0.36,2.3,2.55,2.03,1.19,1.24,1.71,1.07,1.26,1.37,0.91,0.8,1.082,2015,0.8,"Source: World Energy Balances, IEA (2017)",E,229
2018.Q2.G.01,EG_FEC_RNEW,Renewable energy share in the total final energy consumption (%),372,-7.121425272,53.25274054,IRL,Ireland,1,PERCENT,Percentage,2.03,1.97,2.25,2.01,2.31,2.89,3.2,3.56,4.15,5.25,5.27,6.71,6.62,7.4,8.52,9.08,7.666,2015,9.08,"Source: World Energy Balances, IEA (2017)",E,230
2018.Q2.G.01,EG_FEC_RNEW,Renewable energy share in the total final energy consumption (%),376,34.62277992,31.06164552,ISR,Israel,1,PERCENT,Percentage,5.97,6.3,6.52,6.52,6.71,7,6.82,6.65,8.82,8.42,8.5,9.02,2.69,3.32,3.68,3.71,4.484,2015,3.71,"Source: World Energy Balances, IEA (2017)",E,231
2018.Q2.G.01,EG_FEC_RNEW,Renewable energy share in the total final energy consumption (%),380,12.57022427,42.79917282,ITA,Italy,1,PERCENT,Percentage,5.12,5.38,5.6,6.24,5.94,6.7,7.51,8.73,10.82,12.54,12.79,11.9,14.39,16.32,17.09,16.52,15.244,2015,16.52,"Source: World Energy Balances, IEA (2017)",E,232
2018.Q2.G.01,EG_FEC_RNEW,Renewable energy share in the total final energy consumption (%),384,-5.552690016,7.62211586,CIV,Côte d'Ivoire,1,PERCENT,Percentage,63.72,64.73,65.32,70.32,75.52,78.07,74.91,76.45,74.32,73.67,75.37,78.9,74.9,72.58,72.22,64.53,72.626,2015,64.53,"Source: World Energy Balances, IEA (2017)",E,233
2018.Q2.G.01,EG_FEC_RNEW,Renewable energy share in the total final energy consumption (%),388,-77.31068409,18.15616857,JAM,Jamaica,1,PERCENT,Percentage,11.9,11.15,12.73,13,11.48,11.32,9.31,9.5,10.76,14.04,13.72,13.88,17.04,15.76,16.12,16.77,15.914,2015,16.77,"Source: World Energy Balances, IEA (2017)",E,234
2018.Q2.G.01,EG_FEC_RNEW,Renewable energy share in the total final energy consumption (%),392,139.2716103,36.6554539,JPN,Japan,1,PERCENT,Percentage,3.92,3.74,3.7,4.08,4.01,3.65,4.03,3.75,3.98,4.04,4.59,4.69,4.53,4.91,5.63,6.3,5.212,2015,6.3,"Source: World Energy Balances, IEA (2017)",E,235
2018.Q2.G.01,EG_FEC_RNEW,Renewable energy share in the total final energy consumption (%),398,66.65359159,48.01963494,KAZ,Kazakhstan,1,PERCENT,Percentage,2.51,2.41,2.77,2.28,1.89,2.09,2.13,1.83,1.15,1.31,1.38,1.38,1.33,1.17,1.31,1.56,1.35,2015,1.56,"Source: World Energy Balances, IEA (2017)",E,236
2018.Q2.G.01,EG_FEC_RNEW,Renewable energy share in the total final energy consumption (%),400,37.13024774,30.65365973,JOR,Jordan,1,PERCENT,Percentage,2.08,2.12,2.09,1.98,1.83,1.69,2.28,2.33,2.74,2.78,2.97,3.03,2.94,3.15,3.13,3.23,3.096,2015,3.23,"Source: World Energy Balances, IEA (2017)",E,237
2018.Q2.G.01,EG_FEC_RNEW,Renewable energy share in the total final energy consumption (%),404,37.86096816,0.534797278,KEN,Kenya,1,PERCENT,Percentage,79.04,80.24,80.54,83.18,82.27,81.23,79.77,80.26,80.48,78.15,76.27,77.08,78.5,77.14,75.52,72.66,76.18,2015,72.66,"Source: World Energy Balances, IEA (2017)",E,238
2018.Q2.G.01,EG_FEC_RNEW,Renewable energy share in the total final energy consumption (%),408,127.1803633,40.1462645,PRK,Democratic People's Republic of Korea,1,PERCENT,Percentage,8.72,8.62,9.03,9.27,9.37,9.23,8.96,10.9,10.2,12.31,13.47,18.08,17.69,23.81,21.03,23.12,20.746,2015,23.12,"Source: World Energy Balances, IEA (2017)",E,239
2018.Q2.G.01,EG_FEC_RNEW,Renewable energy share in the total final energy consumption (%),410,127.8610254,36.45201023,KOR,Republic of Korea,1,PERCENT,Percentage,0.7,0.69,0.7,0.85,0.77,0.87,0.95,1.02,1.06,1.21,1.31,1.35,1.61,1.92,2.84,2.71,2.086,2015,2.71,"Source: World Energy Balances, IEA (2017)",E,240
2018.Q2.G.01,EG_FEC_RNEW,Renewable energy share in the total final energy consumption (%),414,47.49305029,29.53949468,KWT,Kuwait,1,PERCENT,Percentage,0,0,0,0,0,0,0,0,0,0,0,0,0,0,0,0,0,2015,0,"Source: World Energy Balances, IEA (2017)",E,241
2018.Q2.G.01,EG_FEC_RNEW,Renewable energy share in the total final energy consumption (%),417,74.52324839,41.46204516,KGZ,Kyrgyzstan,1,PERCENT,Percentage,35.17,36.01,28.3,30.52,27.71,28.04,27.77,24.5,22.05,24.73,25.59,25.95,22.45,24.58,26.61,23.31,24.58,2015,23.31,"Source: World Energy Balances, IEA (2017)",E,242
2018.Q2.G.01,EG_FEC_RNEW,Renewable energy share in the total final energy consumption (%),418,101.9901968,20.27482773,LAO,Lao People's Democratic Republic,1,PERCENT,Percentage,85.47,84.85,83.9,82.08,77.65,77.24,73,72.22,69.06,66.82,71.51,66.27,63.35,60.68,60.47,59.32,62.018,2015,59.32,"Source: Energy Balances, UN Statistics Division (2017)",E,243
2018.Q2.G.01,EG_FEC_RNEW,Renewable energy share in the total final energy consumption (%),422,35.89391711,33.92152458,LBN,Lebanon,1,PERCENT,Percentage,4.91,4.42,5.74,7.46,6.52,6.92,7.5,8.56,5.67,4.28,5.2,5.18,4.94,5.72,3.23,3.65,4.544,2015,3.65,"Source: World Energy Balances, IEA (2017)",E,244
2018.Q2.G.01,EG_FEC_RNEW,Renewable energy share in the total final energy consumption (%),426,28.25362195,-29.58041814,LSO,Lesotho,1,PERCENT,Percentage,56.7,56.5,56.16,55.94,55.41,55.31,55.46,55.33,54.99,53.98,53.45,53.14,52.41,52.3,51.39,52.14,52.276,2015,52.14,"Source: Energy Balances, UN Statistics Division (2017)",E,245
2018.Q2.G.01,EG_FEC_RNEW,Renewable energy share in the total final energy consumption (%),428,26.42461876,56.64196636,LVA,Latvia,1,PERCENT,Percentage,35.82,35.35,34.38,34.34,36.11,36.3,34,33.08,33.7,38.39,33.06,35.53,40.37,39.6,40.24,38.1,38.768,2015,38.1,"Source: World Energy Balances, IEA (2017)",E,246
2018.Q2.G.01,EG_FEC_RNEW,Renewable energy share in the total final energy consumption (%),430,-9.311879038,6.448381009,LBR,Liberia,1,PERCENT,Percentage,90.83,90.72,91.4,90.72,90.18,88.23,87.63,89.85,91.49,91.51,89.21,87.37,85.18,86.99,83.94,83.85,85.466,2015,83.85,"Source: Energy Balances, UN Statistics Division (2017)",E,247
2018.Q2.G.01,EG_FEC_RNEW,Renewable energy share in the total final energy consumption (%),434,18.0295985,27.04042819,LBY,Libya,1,PERCENT,Percentage,2.04,2.02,1.97,1.95,1.87,1.81,1.88,2,1.88,1.72,1.57,2.23,1.91,1.72,1.75,1.97,1.916,2015,1.97,"Source: World Energy Balances, IEA (2017)",E,248
